incident_id,date,line,category,severity,assigned_to,duration_minutes,description,resolution,root_cause,preventive_action,recurrence_count
INC-719176,2024-03-08,Line-A,Power,P3-Medium,Alice Chen,361,Unexpected shutdown observed on Line-A. Operator reported loss of communication with PLC unit. Investigation revealed network packet loss. Technician Alice Chen restored service after 361 minutes. Root cause: Manufacturing defect in sensor batch. Preventive action: Replaced faulty sensor module.,Root cause fixed,Manufacturing defect in sensor batch,Replaced faulty sensor module,0
INC-331148,2024-04-04,Line-A,Security,P2-High,Bob Mehra,381,Recurring fault detected on Line-A. Third occurrence this quarter. Bob Mehra performed deep-dive analysis. coolant pressure drop identified as systemic issue. Long-term fix: Scheduled bi-weekly lubrication cycle. Scheduled for next maintenance window.,Monitoring extended,Configuration drift post-update,Scheduled bi-weekly lubrication cycle,2
INC-197251,2024-01-25,Line-A,Software,P4-Low,Bob Mehra,405,Unexpected shutdown observed on Line-A. Operator reported loss of communication with PLC unit. Investigation revealed thermal runaway in drive unit. Technician Bob Mehra restored service after 405 minutes. Root cause: Configuration drift post-update. Preventive action: Replaced faulty sensor module.,Root cause fixed,Configuration drift post-update,Replaced faulty sensor module,2
INC-969693,2024-10-05,Line-C,Network,P3-Medium,Edward Kim,208,Production halted on Line-C. lubricant contamination caused cascading failures in downstream units. Containment: Scheduled bi-weekly lubrication cycle. Full recovery achieved at 208 minutes after detection. No product loss reported. Incident categorised as Network.,Monitoring extended,Manufacturing defect in sensor batch,Scheduled bi-weekly lubrication cycle,2
INC-498591,2023-10-12,Line-B,Network,P1-Critical,Fatima Al-Hassan,452,Unexpected shutdown observed on Line-B. Operator reported loss of communication with PLC unit. Investigation revealed network packet loss. Technician Fatima Al-Hassan restored service after 452 minutes. Root cause: Manufacturing defect in sensor batch. Preventive action: Implemented redundant network path.,Escalated to vendor,Manufacturing defect in sensor batch,Implemented redundant network path,5
INC-738720,2024-10-12,Line-C,Software,P3-Medium,Bob Mehra,374,Unexpected shutdown observed on Line-C. Operator reported loss of communication with PLC unit. Investigation revealed network packet loss. Technician Bob Mehra restored service after 374 minutes. Root cause: Inadequate preventive maintenance interval. Preventive action: Adjusted PLC timeout threshold.,Workaround applied,Inadequate preventive maintenance interval,Adjusted PLC timeout threshold,4
INC-983794,2023-02-27,Line-B,Hardware,P4-Low,Bob Mehra,127,Production halted on Line-B. thermal runaway in drive unit caused cascading failures in downstream units. Containment: Adjusted PLC timeout threshold. Full recovery achieved at 127 minutes after detection. No product loss reported. Incident categorised as Hardware.,Workaround applied,Vendor firmware bug — ticket raised,Adjusted PLC timeout threshold,0
INC-514850,2024-10-20,Line-C,Network,P3-Medium,Diana Patel,123,Recurring fault detected on Line-C. Third occurrence this quarter. Diana Patel performed deep-dive analysis. network packet loss identified as systemic issue. Long-term fix: Scheduled bi-weekly lubrication cycle. Scheduled for next maintenance window.,Escalated to vendor,Inadequate preventive maintenance interval,Scheduled bi-weekly lubrication cycle,1
INC-711878,2024-02-13,Line-C,Process,P2-High,Bob Mehra,397,Recurring fault detected on Line-C. Third occurrence this quarter. Bob Mehra performed deep-dive analysis. dust ingress on PCB identified as systemic issue. Long-term fix: Scheduled bi-weekly lubrication cycle. Scheduled for next maintenance window.,No action needed,Inadequate preventive maintenance interval,Scheduled bi-weekly lubrication cycle,1
INC-725380,2023-03-07,Line-B,Network,P4-Low,Edward Kim,336,Recurring fault detected on Line-B. Third occurrence this quarter. Edward Kim performed deep-dive analysis. coolant pressure drop identified as systemic issue. Long-term fix: Updated firmware to v3.4.1. Scheduled for next maintenance window.,Escalated to vendor,Configuration drift post-update,Updated firmware to v3.4.1,3
INC-905934,2024-10-18,Line-D,Security,P3-Medium,Edward Kim,364,Production halted on Line-D. coolant pressure drop caused cascading failures in downstream units. Containment: Adjusted PLC timeout threshold. Full recovery achieved at 364 minutes after detection. No product loss reported. Incident categorised as Security.,No action needed,Manufacturing defect in sensor batch,Adjusted PLC timeout threshold,0
INC-632342,2023-04-19,Line-C,Hardware,P2-High,Diana Patel,271,Alarm triggered on Line-C due to coolant pressure drop. Severity assessed as P2-High. Response team dispatched at T+53min. Issue resolved by Diana Patel. System validated and returned to normal operation. Lessons learned documented.,No action needed,Inadequate preventive maintenance interval,Adjusted PLC timeout threshold,5
INC-120422,2023-04-25,Line-B,Power,P3-Medium,Bob Mehra,321,Recurring fault detected on Line-B. Third occurrence this quarter. Bob Mehra performed deep-dive analysis. dust ingress on PCB identified as systemic issue. Long-term fix: Scheduled bi-weekly lubrication cycle. Scheduled for next maintenance window.,No action needed,Manufacturing defect in sensor batch,Scheduled bi-weekly lubrication cycle,2
INC-234628,2024-11-06,Line-B,Security,P2-High,Alice Chen,432,Alarm triggered on Line-B due to firmware mismatch. Severity assessed as P2-High. Response team dispatched at T+9min. Issue resolved by Alice Chen. System validated and returned to normal operation. Lessons learned documented.,Escalated to vendor,Environmental factor (humidity),Updated firmware to v3.4.1,4
INC-804314,2024-10-27,Line-B,Power,P4-Low,Carlos Ruiz,380,Recurring fault detected on Line-B. Third occurrence this quarter. Carlos Ruiz performed deep-dive analysis. dust ingress on PCB identified as systemic issue. Long-term fix: Adjusted PLC timeout threshold. Scheduled for next maintenance window.,No action needed,Configuration drift post-update,Adjusted PLC timeout threshold,3
INC-717024,2023-08-14,Line-D,Power,P2-High,Alice Chen,316,Alarm triggered on Line-D due to firmware mismatch. Severity assessed as P2-High. Response team dispatched at T+40min. Issue resolved by Alice Chen. System validated and returned to normal operation. Lessons learned documented.,Root cause fixed,Manufacturing defect in sensor batch,Implemented redundant network path,0
INC-324643,2024-07-06,Line-A,Network,P1-Critical,Bob Mehra,136,Recurring fault detected on Line-A. Third occurrence this quarter. Bob Mehra performed deep-dive analysis. PLC watchdog timeout identified as systemic issue. Long-term fix: Updated firmware to v3.4.1. Scheduled for next maintenance window.,Workaround applied,Vendor firmware bug — ticket raised,Updated firmware to v3.4.1,5
INC-544154,2024-02-25,Line-D,Hardware,P4-Low,Bob Mehra,352,Production halted on Line-D. network packet loss caused cascading failures in downstream units. Containment: Updated firmware to v3.4.1. Full recovery achieved at 352 minutes after detection. No product loss reported. Incident categorised as Hardware.,Escalated to vendor,Manufacturing defect in sensor batch,Updated firmware to v3.4.1,5
INC-360735,2023-07-16,Line-A,Network,P1-Critical,Fatima Al-Hassan,424,Unexpected shutdown observed on Line-A. Operator reported loss of communication with PLC unit. Investigation revealed unplanned power fluctuation. Technician Fatima Al-Hassan restored service after 424 minutes. Root cause: Inadequate preventive maintenance interval. Preventive action: Adjusted PLC timeout threshold.,Workaround applied,Inadequate preventive maintenance interval,Adjusted PLC timeout threshold,4
INC-947272,2024-07-17,Line-D,Power,P4-Low,Bob Mehra,462,Recurring fault detected on Line-D. Third occurrence this quarter. Bob Mehra performed deep-dive analysis. thermal runaway in drive unit identified as systemic issue. Long-term fix: Installed surge protector. Scheduled for next maintenance window.,Root cause fixed,Configuration drift post-update,Installed surge protector,0
INC-161483,2023-06-18,Line-A,Power,P2-High,Alice Chen,124,Recurring fault detected on Line-A. Third occurrence this quarter. Alice Chen performed deep-dive analysis. unplanned power fluctuation identified as systemic issue. Long-term fix: Installed surge protector. Scheduled for next maintenance window.,Escalated to vendor,Environmental factor (humidity),Installed surge protector,0
INC-262316,2023-07-14,Line-D,Software,P4-Low,Carlos Ruiz,353,Recurring fault detected on Line-D. Third occurrence this quarter. Carlos Ruiz performed deep-dive analysis. unplanned power fluctuation identified as systemic issue. Long-term fix: Adjusted PLC timeout threshold. Scheduled for next maintenance window.,No action needed,Vendor firmware bug — ticket raised,Adjusted PLC timeout threshold,1
INC-159642,2024-06-04,Line-A,Process,P1-Critical,Edward Kim,314,Alarm triggered on Line-A due to PLC watchdog timeout. Severity assessed as P1-Critical. Response team dispatched at T+35min. Issue resolved by Edward Kim. System validated and returned to normal operation. Lessons learned documented.,Root cause fixed,Manufacturing defect in sensor batch,Updated firmware to v3.4.1,1
INC-707040,2024-08-31,Line-A,Process,P1-Critical,Edward Kim,470,Alarm triggered on Line-A due to network packet loss. Severity assessed as P1-Critical. Response team dispatched at T+41min. Issue resolved by Edward Kim. System validated and returned to normal operation. Lessons learned documented.,Root cause fixed,Manufacturing defect in sensor batch,Installed surge protector,4
INC-237235,2024-11-18,Line-A,Software,P3-Medium,Diana Patel,137,Recurring fault detected on Line-A. Third occurrence this quarter. Diana Patel performed deep-dive analysis. network packet loss identified as systemic issue. Long-term fix: Adjusted PLC timeout threshold. Scheduled for next maintenance window.,No action needed,Inadequate preventive maintenance interval,Adjusted PLC timeout threshold,3
INC-238890,2023-12-24,Line-C,Hardware,P1-Critical,Alice Chen,124,Production halted on Line-C. firmware mismatch caused cascading failures in downstream units. Containment: Updated firmware to v3.4.1. Full recovery achieved at 124 minutes after detection. No product loss reported. Incident categorised as Hardware.,Root cause fixed,Vendor firmware bug — ticket raised,Updated firmware to v3.4.1,1
INC-800305,2024-07-21,Line-C,Hardware,P2-High,Carlos Ruiz,328,Unexpected shutdown observed on Line-C. Operator reported loss of communication with PLC unit. Investigation revealed dust ingress on PCB. Technician Carlos Ruiz restored service after 328 minutes. Root cause: Inadequate preventive maintenance interval. Preventive action: Adjusted PLC timeout threshold.,No action needed,Inadequate preventive maintenance interval,Adjusted PLC timeout threshold,5
INC-734210,2023-08-04,Line-A,Network,P3-Medium,Bob Mehra,94,Production halted on Line-A. firmware mismatch caused cascading failures in downstream units. Containment: Adjusted PLC timeout threshold. Full recovery achieved at 94 minutes after detection. No product loss reported. Incident categorised as Network.,No action needed,Vendor firmware bug — ticket raised,Adjusted PLC timeout threshold,1
INC-103717,2023-12-08,Line-C,Software,P4-Low,Edward Kim,439,Unexpected shutdown observed on Line-C. Operator reported loss of communication with PLC unit. Investigation revealed coolant pressure drop. Technician Edward Kim restored service after 439 minutes. Root cause: Environmental factor (humidity). Preventive action: Updated firmware to v3.4.1.,Workaround applied,Environmental factor (humidity),Updated firmware to v3.4.1,5
INC-672092,2023-02-06,Line-C,Security,P4-Low,Bob Mehra,72,Alarm triggered on Line-C due to unplanned power fluctuation. Severity assessed as P4-Low. Response team dispatched at T+9min. Issue resolved by Bob Mehra. System validated and returned to normal operation. Lessons learned documented.,No action needed,Manufacturing defect in sensor batch,Scheduled bi-weekly lubrication cycle,4
INC-815198,2023-09-13,Line-B,Network,P2-High,Diana Patel,475,Alarm triggered on Line-B due to thermal runaway in drive unit. Severity assessed as P2-High. Response team dispatched at T+27min. Issue resolved by Diana Patel. System validated and returned to normal operation. Lessons learned documented.,Root cause fixed,Manufacturing defect in sensor batch,Implemented redundant network path,2
INC-920391,2024-02-26,Line-D,Power,P2-High,Edward Kim,27,Production halted on Line-D. sensor calibration drift caused cascading failures in downstream units. Containment: Replaced faulty sensor module. Full recovery achieved at 27 minutes after detection. No product loss reported. Incident categorised as Power.,Workaround applied,Environmental factor (humidity),Replaced faulty sensor module,2
INC-466643,2023-11-09,Line-B,Hardware,P1-Critical,Fatima Al-Hassan,117,Recurring fault detected on Line-B. Third occurrence this quarter. Fatima Al-Hassan performed deep-dive analysis. coolant pressure drop identified as systemic issue. Long-term fix: Installed surge protector. Scheduled for next maintenance window.,Workaround applied,Configuration drift post-update,Installed surge protector,1
INC-772642,2024-06-05,Line-A,Hardware,P2-High,Fatima Al-Hassan,410,Production halted on Line-A. PLC watchdog timeout caused cascading failures in downstream units. Containment: Implemented redundant network path. Full recovery achieved at 410 minutes after detection. No product loss reported. Incident categorised as Hardware.,Escalated to vendor,Manufacturing defect in sensor batch,Implemented redundant network path,5
INC-462479,2023-11-18,Line-C,Software,P1-Critical,Alice Chen,34,Recurring fault detected on Line-C. Third occurrence this quarter. Alice Chen performed deep-dive analysis. sensor calibration drift identified as systemic issue. Long-term fix: Scheduled bi-weekly lubrication cycle. Scheduled for next maintenance window.,Escalated to vendor,Inadequate preventive maintenance interval,Scheduled bi-weekly lubrication cycle,4
INC-481913,2024-03-17,Line-A,Software,P2-High,Diana Patel,15,Alarm triggered on Line-A due to coolant pressure drop. Severity assessed as P2-High. Response team dispatched at T+38min. Issue resolved by Diana Patel. System validated and returned to normal operation. Lessons learned documented.,Root cause fixed,Environmental factor (humidity),Adjusted PLC timeout threshold,5
INC-442027,2024-02-17,Line-C,Process,P3-Medium,Edward Kim,274,Recurring fault detected on Line-C. Third occurrence this quarter. Edward Kim performed deep-dive analysis. firmware mismatch identified as systemic issue. Long-term fix: Adjusted PLC timeout threshold. Scheduled for next maintenance window.,No action needed,Inadequate preventive maintenance interval,Adjusted PLC timeout threshold,4
INC-525800,2024-07-15,Line-B,Process,P4-Low,Bob Mehra,330,Production halted on Line-B. unplanned power fluctuation caused cascading failures in downstream units. Containment: Adjusted PLC timeout threshold. Full recovery achieved at 330 minutes after detection. No product loss reported. Incident categorised as Process.,Root cause fixed,Configuration drift post-update,Adjusted PLC timeout threshold,2
INC-636004,2024-04-29,Line-C,Security,P4-Low,Bob Mehra,241,Alarm triggered on Line-C due to PLC watchdog timeout. Severity assessed as P4-Low. Response team dispatched at T+48min. Issue resolved by Bob Mehra. System validated and returned to normal operation. Lessons learned documented.,Workaround applied,Environmental factor (humidity),Installed surge protector,5
INC-254511,2023-01-26,Line-A,Network,P3-Medium,Carlos Ruiz,130,Alarm triggered on Line-A due to network packet loss. Severity assessed as P3-Medium. Response team dispatched at T+56min. Issue resolved by Carlos Ruiz. System validated and returned to normal operation. Lessons learned documented.,Root cause fixed,Inadequate preventive maintenance interval,Adjusted PLC timeout threshold,1
INC-618392,2024-02-14,Line-D,Hardware,P1-Critical,Edward Kim,114,Recurring fault detected on Line-D. Third occurrence this quarter. Edward Kim performed deep-dive analysis. unplanned power fluctuation identified as systemic issue. Long-term fix: Adjusted PLC timeout threshold. Scheduled for next maintenance window.,Workaround applied,Vendor firmware bug — ticket raised,Adjusted PLC timeout threshold,1
INC-989545,2023-05-05,Line-A,Power,P4-Low,Alice Chen,252,Alarm triggered on Line-A due to sensor calibration drift. Severity assessed as P4-Low. Response team dispatched at T+8min. Issue resolved by Alice Chen. System validated and returned to normal operation. Lessons learned documented.,Escalated to vendor,Vendor firmware bug — ticket raised,Adjusted PLC timeout threshold,1
INC-571932,2023-09-23,Line-D,Hardware,P3-Medium,Fatima Al-Hassan,243,Recurring fault detected on Line-D. Third occurrence this quarter. Fatima Al-Hassan performed deep-dive analysis. dust ingress on PCB identified as systemic issue. Long-term fix: Installed surge protector. Scheduled for next maintenance window.,Workaround applied,Vendor firmware bug — ticket raised,Installed surge protector,5
INC-345884,2023-10-06,Line-C,Process,P4-Low,Edward Kim,54,Production halted on Line-C. network packet loss caused cascading failures in downstream units. Containment: Implemented redundant network path. Full recovery achieved at 54 minutes after detection. No product loss reported. Incident categorised as Process.,No action needed,Environmental factor (humidity),Implemented redundant network path,2
INC-535020,2024-02-22,Line-A,Power,P2-High,Bob Mehra,376,Unexpected shutdown observed on Line-A. Operator reported loss of communication with PLC unit. Investigation revealed unplanned power fluctuation. Technician Bob Mehra restored service after 376 minutes. Root cause: Configuration drift post-update. Preventive action: Adjusted PLC timeout threshold.,No action needed,Configuration drift post-update,Adjusted PLC timeout threshold,4
INC-600149,2023-01-07,Line-D,Power,P1-Critical,Diana Patel,371,Recurring fault detected on Line-D. Third occurrence this quarter. Diana Patel performed deep-dive analysis. unplanned power fluctuation identified as systemic issue. Long-term fix: Installed surge protector. Scheduled for next maintenance window.,No action needed,Vendor firmware bug — ticket raised,Installed surge protector,2
INC-452457,2024-11-15,Line-D,Hardware,P2-High,Diana Patel,263,Recurring fault detected on Line-D. Third occurrence this quarter. Diana Patel performed deep-dive analysis. network packet loss identified as systemic issue. Long-term fix: Implemented redundant network path. Scheduled for next maintenance window.,Escalated to vendor,Environmental factor (humidity),Implemented redundant network path,5
INC-188025,2024-10-20,Line-B,Security,P2-High,Diana Patel,318,Unexpected shutdown observed on Line-B. Operator reported loss of communication with PLC unit. Investigation revealed dust ingress on PCB. Technician Diana Patel restored service after 318 minutes. Root cause: Environmental factor (humidity). Preventive action: Updated firmware to v3.4.1.,Escalated to vendor,Environmental factor (humidity),Updated firmware to v3.4.1,1
INC-898207,2024-01-24,Line-D,Software,P1-Critical,Bob Mehra,247,Production halted on Line-D. unplanned power fluctuation caused cascading failures in downstream units. Containment: Implemented redundant network path. Full recovery achieved at 247 minutes after detection. No product loss reported. Incident categorised as Software.,No action needed,Configuration drift post-update,Implemented redundant network path,3
INC-919182,2024-10-29,Line-C,Network,P4-Low,Alice Chen,129,Unexpected shutdown observed on Line-C. Operator reported loss of communication with PLC unit. Investigation revealed dust ingress on PCB. Technician Alice Chen restored service after 129 minutes. Root cause: Inadequate preventive maintenance interval. Preventive action: Updated firmware to v3.4.1.,Root cause fixed,Inadequate preventive maintenance interval,Updated firmware to v3.4.1,0
INC-691364,2023-08-12,Line-B,Security,P1-Critical,Bob Mehra,257,Unexpected shutdown observed on Line-B. Operator reported loss of communication with PLC unit. Investigation revealed sensor calibration drift. Technician Bob Mehra restored service after 257 minutes. Root cause: Configuration drift post-update. Preventive action: Replaced faulty sensor module.,Escalated to vendor,Configuration drift post-update,Replaced faulty sensor module,5
INC-427110,2024-08-12,Line-C,Security,P2-High,Carlos Ruiz,70,Unexpected shutdown observed on Line-C. Operator reported loss of communication with PLC unit. Investigation revealed firmware mismatch. Technician Carlos Ruiz restored service after 70 minutes. Root cause: Inadequate preventive maintenance interval. Preventive action: Replaced faulty sensor module.,Escalated to vendor,Inadequate preventive maintenance interval,Replaced faulty sensor module,3
INC-464069,2024-06-29,Line-B,Network,P2-High,Alice Chen,427,Unexpected shutdown observed on Line-B. Operator reported loss of communication with PLC unit. Investigation revealed thermal runaway in drive unit. Technician Alice Chen restored service after 427 minutes. Root cause: Vendor firmware bug — ticket raised. Preventive action: Adjusted PLC timeout threshold.,Escalated to vendor,Vendor firmware bug — ticket raised,Adjusted PLC timeout threshold,5
INC-841666,2023-06-06,Line-C,Network,P3-Medium,Alice Chen,236,Recurring fault detected on Line-C. Third occurrence this quarter. Alice Chen performed deep-dive analysis. unplanned power fluctuation identified as systemic issue. Long-term fix: Installed surge protector. Scheduled for next maintenance window.,Escalated to vendor,Manufacturing defect in sensor batch,Installed surge protector,1
INC-971084,2023-03-30,Line-C,Hardware,P4-Low,Edward Kim,152,Alarm triggered on Line-C due to unplanned power fluctuation. Severity assessed as P4-Low. Response team dispatched at T+25min. Issue resolved by Edward Kim. System validated and returned to normal operation. Lessons learned documented.,No action needed,Vendor firmware bug — ticket raised,Adjusted PLC timeout threshold,3
INC-472060,2023-09-22,Line-B,Software,P4-Low,Diana Patel,108,Alarm triggered on Line-B due to coolant pressure drop. Severity assessed as P4-Low. Response team dispatched at T+36min. Issue resolved by Diana Patel. System validated and returned to normal operation. Lessons learned documented.,No action needed,Inadequate preventive maintenance interval,Installed surge protector,2
INC-682144,2023-09-04,Line-C,Security,P1-Critical,Edward Kim,383,Recurring fault detected on Line-C. Third occurrence this quarter. Edward Kim performed deep-dive analysis. network packet loss identified as systemic issue. Long-term fix: Updated firmware to v3.4.1. Scheduled for next maintenance window.,Escalated to vendor,Configuration drift post-update,Updated firmware to v3.4.1,5
INC-796212,2024-08-18,Line-D,Network,P1-Critical,Diana Patel,369,Production halted on Line-D. thermal runaway in drive unit caused cascading failures in downstream units. Containment: Replaced faulty sensor module. Full recovery achieved at 369 minutes after detection. No product loss reported. Incident categorised as Network.,No action needed,Environmental factor (humidity),Replaced faulty sensor module,3
INC-856321,2023-07-17,Line-C,Software,P3-Medium,Diana Patel,143,Unexpected shutdown observed on Line-C. Operator reported loss of communication with PLC unit. Investigation revealed lubricant contamination. Technician Diana Patel restored service after 143 minutes. Root cause: Inadequate preventive maintenance interval. Preventive action: Implemented redundant network path.,No action needed,Inadequate preventive maintenance interval,Implemented redundant network path,0
INC-205409,2023-07-18,Line-B,Process,P2-High,Bob Mehra,404,Production halted on Line-B. lubricant contamination caused cascading failures in downstream units. Containment: Implemented redundant network path. Full recovery achieved at 404 minutes after detection. No product loss reported. Incident categorised as Process.,No action needed,Vendor firmware bug — ticket raised,Implemented redundant network path,1
INC-831295,2023-05-10,Line-C,Network,P3-Medium,Bob Mehra,38,Production halted on Line-C. dust ingress on PCB caused cascading failures in downstream units. Containment: Replaced faulty sensor module. Full recovery achieved at 38 minutes after detection. No product loss reported. Incident categorised as Network.,Escalated to vendor,Inadequate preventive maintenance interval,Replaced faulty sensor module,0
INC-600935,2023-04-27,Line-A,Hardware,P3-Medium,Edward Kim,109,Production halted on Line-A. lubricant contamination caused cascading failures in downstream units. Containment: Installed surge protector. Full recovery achieved at 109 minutes after detection. No product loss reported. Incident categorised as Hardware.,Root cause fixed,Inadequate preventive maintenance interval,Installed surge protector,3
INC-685181,2024-03-02,Line-D,Power,P1-Critical,Alice Chen,58,Unexpected shutdown observed on Line-D. Operator reported loss of communication with PLC unit. Investigation revealed sensor calibration drift. Technician Alice Chen restored service after 58 minutes. Root cause: Inadequate preventive maintenance interval. Preventive action: Scheduled bi-weekly lubrication cycle.,Monitoring extended,Inadequate preventive maintenance interval,Scheduled bi-weekly lubrication cycle,4
INC-739244,2023-04-12,Line-B,Hardware,P4-Low,Edward Kim,234,Unexpected shutdown observed on Line-B. Operator reported loss of communication with PLC unit. Investigation revealed lubricant contamination. Technician Edward Kim restored service after 234 minutes. Root cause: Vendor firmware bug — ticket raised. Preventive action: Implemented redundant network path.,Workaround applied,Vendor firmware bug — ticket raised,Implemented redundant network path,5
INC-528361,2024-04-06,Line-B,Power,P1-Critical,Carlos Ruiz,53,Unexpected shutdown observed on Line-B. Operator reported loss of communication with PLC unit. Investigation revealed network packet loss. Technician Carlos Ruiz restored service after 53 minutes. Root cause: Vendor firmware bug — ticket raised. Preventive action: Replaced faulty sensor module.,Monitoring extended,Vendor firmware bug — ticket raised,Replaced faulty sensor module,3
INC-377405,2024-10-02,Line-C,Software,P2-High,Alice Chen,51,Alarm triggered on Line-C due to thermal runaway in drive unit. Severity assessed as P2-High. Response team dispatched at T+48min. Issue resolved by Alice Chen. System validated and returned to normal operation. Lessons learned documented.,Monitoring extended,Environmental factor (humidity),Adjusted PLC timeout threshold,5
INC-174878,2023-03-03,Line-B,Security,P1-Critical,Diana Patel,480,Alarm triggered on Line-B due to network packet loss. Severity assessed as P1-Critical. Response team dispatched at T+22min. Issue resolved by Diana Patel. System validated and returned to normal operation. Lessons learned documented.,Workaround applied,Configuration drift post-update,Adjusted PLC timeout threshold,2
INC-559023,2023-03-24,Line-C,Hardware,P1-Critical,Diana Patel,154,Recurring fault detected on Line-C. Third occurrence this quarter. Diana Patel performed deep-dive analysis. thermal runaway in drive unit identified as systemic issue. Long-term fix: Adjusted PLC timeout threshold. Scheduled for next maintenance window.,Monitoring extended,Environmental factor (humidity),Adjusted PLC timeout threshold,0
INC-901909,2024-11-19,Line-D,Security,P3-Medium,Fatima Al-Hassan,132,Unexpected shutdown observed on Line-D. Operator reported loss of communication with PLC unit. Investigation revealed thermal runaway in drive unit. Technician Fatima Al-Hassan restored service after 132 minutes. Root cause: Manufacturing defect in sensor batch. Preventive action: Updated firmware to v3.4.1.,No action needed,Manufacturing defect in sensor batch,Updated firmware to v3.4.1,4
INC-195674,2024-04-26,Line-A,Security,P4-Low,Bob Mehra,314,Recurring fault detected on Line-A. Third occurrence this quarter. Bob Mehra performed deep-dive analysis. lubricant contamination identified as systemic issue. Long-term fix: Implemented redundant network path. Scheduled for next maintenance window.,No action needed,Configuration drift post-update,Implemented redundant network path,3
INC-953085,2024-07-17,Line-C,Power,P1-Critical,Carlos Ruiz,162,Recurring fault detected on Line-C. Third occurrence this quarter. Carlos Ruiz performed deep-dive analysis. PLC watchdog timeout identified as systemic issue. Long-term fix: Installed surge protector. Scheduled for next maintenance window.,Root cause fixed,Environmental factor (humidity),Installed surge protector,3
INC-533321,2023-02-25,Line-A,Software,P3-Medium,Carlos Ruiz,437,Recurring fault detected on Line-A. Third occurrence this quarter. Carlos Ruiz performed deep-dive analysis. firmware mismatch identified as systemic issue. Long-term fix: Installed surge protector. Scheduled for next maintenance window.,Workaround applied,Vendor firmware bug — ticket raised,Installed surge protector,4
INC-402020,2024-03-24,Line-C,Process,P4-Low,Edward Kim,151,Alarm triggered on Line-C due to lubricant contamination. Severity assessed as P4-Low. Response team dispatched at T+40min. Issue resolved by Edward Kim. System validated and returned to normal operation. Lessons learned documented.,Escalated to vendor,Configuration drift post-update,Updated firmware to v3.4.1,0
INC-197736,2023-08-19,Line-A,Process,P2-High,Fatima Al-Hassan,22,Recurring fault detected on Line-A. Third occurrence this quarter. Fatima Al-Hassan performed deep-dive analysis. sensor calibration drift identified as systemic issue. Long-term fix: Implemented redundant network path. Scheduled for next maintenance window.,Root cause fixed,Vendor firmware bug — ticket raised,Implemented redundant network path,3
INC-595158,2023-09-07,Line-A,Hardware,P2-High,Fatima Al-Hassan,227,Recurring fault detected on Line-A. Third occurrence this quarter. Fatima Al-Hassan performed deep-dive analysis. thermal runaway in drive unit identified as systemic issue. Long-term fix: Scheduled bi-weekly lubrication cycle. Scheduled for next maintenance window.,Escalated to vendor,Inadequate preventive maintenance interval,Scheduled bi-weekly lubrication cycle,4
INC-910208,2024-02-29,Line-B,Security,P2-High,Diana Patel,457,Production halted on Line-B. dust ingress on PCB caused cascading failures in downstream units. Containment: Adjusted PLC timeout threshold. Full recovery achieved at 457 minutes after detection. No product loss reported. Incident categorised as Security.,No action needed,Configuration drift post-update,Adjusted PLC timeout threshold,4
INC-568238,2024-07-05,Line-C,Process,P3-Medium,Alice Chen,352,Alarm triggered on Line-C due to thermal runaway in drive unit. Severity assessed as P3-Medium. Response team dispatched at T+36min. Issue resolved by Alice Chen. System validated and returned to normal operation. Lessons learned documented.,Escalated to vendor,Vendor firmware bug — ticket raised,Scheduled bi-weekly lubrication cycle,2
INC-997594,2024-02-25,Line-C,Hardware,P4-Low,Edward Kim,307,Alarm triggered on Line-C due to PLC watchdog timeout. Severity assessed as P4-Low. Response team dispatched at T+29min. Issue resolved by Edward Kim. System validated and returned to normal operation. Lessons learned documented.,Root cause fixed,Configuration drift post-update,Replaced faulty sensor module,2
INC-205239,2024-03-26,Line-D,Hardware,P4-Low,Fatima Al-Hassan,79,Production halted on Line-D. sensor calibration drift caused cascading failures in downstream units. Containment: Installed surge protector. Full recovery achieved at 79 minutes after detection. No product loss reported. Incident categorised as Hardware.,Root cause fixed,Manufacturing defect in sensor batch,Installed surge protector,4
INC-753534,2024-12-10,Line-D,Hardware,P2-High,Alice Chen,415,Production halted on Line-D. sensor calibration drift caused cascading failures in downstream units. Containment: Updated firmware to v3.4.1. Full recovery achieved at 415 minutes after detection. No product loss reported. Incident categorised as Hardware.,Escalated to vendor,Environmental factor (humidity),Updated firmware to v3.4.1,5
INC-761820,2024-12-01,Line-A,Software,P4-Low,Carlos Ruiz,331,Alarm triggered on Line-A due to lubricant contamination. Severity assessed as P4-Low. Response team dispatched at T+9min. Issue resolved by Carlos Ruiz. System validated and returned to normal operation. Lessons learned documented.,No action needed,Manufacturing defect in sensor batch,Scheduled bi-weekly lubrication cycle,1
INC-148225,2023-11-29,Line-A,Process,P1-Critical,Diana Patel,370,Unexpected shutdown observed on Line-A. Operator reported loss of communication with PLC unit. Investigation revealed firmware mismatch. Technician Diana Patel restored service after 370 minutes. Root cause: Configuration drift post-update. Preventive action: Installed surge protector.,Root cause fixed,Configuration drift post-update,Installed surge protector,2
INC-278240,2023-06-29,Line-C,Power,P4-Low,Carlos Ruiz,304,Alarm triggered on Line-C due to network packet loss. Severity assessed as P4-Low. Response team dispatched at T+48min. Issue resolved by Carlos Ruiz. System validated and returned to normal operation. Lessons learned documented.,Root cause fixed,Environmental factor (humidity),Scheduled bi-weekly lubrication cycle,4
INC-367729,2024-11-13,Line-D,Hardware,P2-High,Edward Kim,341,Recurring fault detected on Line-D. Third occurrence this quarter. Edward Kim performed deep-dive analysis. sensor calibration drift identified as systemic issue. Long-term fix: Replaced faulty sensor module. Scheduled for next maintenance window.,Root cause fixed,Environmental factor (humidity),Replaced faulty sensor module,3
INC-823846,2023-09-14,Line-C,Network,P2-High,Fatima Al-Hassan,168,Recurring fault detected on Line-C. Third occurrence this quarter. Fatima Al-Hassan performed deep-dive analysis. lubricant contamination identified as systemic issue. Long-term fix: Implemented redundant network path. Scheduled for next maintenance window.,Escalated to vendor,Vendor firmware bug — ticket raised,Implemented redundant network path,2
INC-833247,2023-10-30,Line-B,Network,P4-Low,Diana Patel,198,Production halted on Line-B. network packet loss caused cascading failures in downstream units. Containment: Installed surge protector. Full recovery achieved at 198 minutes after detection. No product loss reported. Incident categorised as Network.,Root cause fixed,Vendor firmware bug — ticket raised,Installed surge protector,5
INC-736553,2023-12-27,Line-D,Security,P1-Critical,Carlos Ruiz,441,Alarm triggered on Line-D due to coolant pressure drop. Severity assessed as P1-Critical. Response team dispatched at T+23min. Issue resolved by Carlos Ruiz. System validated and returned to normal operation. Lessons learned documented.,Workaround applied,Environmental factor (humidity),Scheduled bi-weekly lubrication cycle,5
INC-423939,2024-03-27,Line-B,Process,P3-Medium,Edward Kim,477,Unexpected shutdown observed on Line-B. Operator reported loss of communication with PLC unit. Investigation revealed sensor calibration drift. Technician Edward Kim restored service after 477 minutes. Root cause: Manufacturing defect in sensor batch. Preventive action: Adjusted PLC timeout threshold.,Root cause fixed,Manufacturing defect in sensor batch,Adjusted PLC timeout threshold,4
INC-924718,2024-07-06,Line-C,Network,P2-High,Fatima Al-Hassan,104,Alarm triggered on Line-C due to thermal runaway in drive unit. Severity assessed as P2-High. Response team dispatched at T+17min. Issue resolved by Fatima Al-Hassan. System validated and returned to normal operation. Lessons learned documented.,No action needed,Environmental factor (humidity),Implemented redundant network path,4
INC-178957,2023-05-25,Line-C,Hardware,P3-Medium,Bob Mehra,426,Recurring fault detected on Line-C. Third occurrence this quarter. Bob Mehra performed deep-dive analysis. thermal runaway in drive unit identified as systemic issue. Long-term fix: Adjusted PLC timeout threshold. Scheduled for next maintenance window.,Workaround applied,Inadequate preventive maintenance interval,Adjusted PLC timeout threshold,5
INC-486490,2024-11-19,Line-D,Network,P3-Medium,Edward Kim,289,Recurring fault detected on Line-D. Third occurrence this quarter. Edward Kim performed deep-dive analysis. unplanned power fluctuation identified as systemic issue. Long-term fix: Updated firmware to v3.4.1. Scheduled for next maintenance window.,No action needed,Inadequate preventive maintenance interval,Updated firmware to v3.4.1,4
INC-739717,2023-08-15,Line-D,Network,P3-Medium,Fatima Al-Hassan,332,Production halted on Line-D. network packet loss caused cascading failures in downstream units. Containment: Installed surge protector. Full recovery achieved at 332 minutes after detection. No product loss reported. Incident categorised as Network.,Root cause fixed,Manufacturing defect in sensor batch,Installed surge protector,5
INC-616554,2023-04-29,Line-D,Process,P3-Medium,Fatima Al-Hassan,38,Production halted on Line-D. unplanned power fluctuation caused cascading failures in downstream units. Containment: Updated firmware to v3.4.1. Full recovery achieved at 38 minutes after detection. No product loss reported. Incident categorised as Process.,Root cause fixed,Configuration drift post-update,Updated firmware to v3.4.1,1
INC-535037,2024-11-01,Line-B,Software,P4-Low,Diana Patel,395,Alarm triggered on Line-B due to dust ingress on PCB. Severity assessed as P4-Low. Response team dispatched at T+51min. Issue resolved by Diana Patel. System validated and returned to normal operation. Lessons learned documented.,Root cause fixed,Vendor firmware bug — ticket raised,Installed surge protector,3
INC-204180,2024-12-03,Line-D,Process,P1-Critical,Carlos Ruiz,242,Production halted on Line-D. PLC watchdog timeout caused cascading failures in downstream units. Containment: Replaced faulty sensor module. Full recovery achieved at 242 minutes after detection. No product loss reported. Incident categorised as Process.,No action needed,Environmental factor (humidity),Replaced faulty sensor module,4
INC-772875,2024-10-16,Line-C,Software,P4-Low,Alice Chen,61,Alarm triggered on Line-C due to network packet loss. Severity assessed as P4-Low. Response team dispatched at T+47min. Issue resolved by Alice Chen. System validated and returned to normal operation. Lessons learned documented.,Monitoring extended,Environmental factor (humidity),Updated firmware to v3.4.1,0
INC-952547,2023-08-27,Line-A,Power,P2-High,Carlos Ruiz,121,Alarm triggered on Line-A due to network packet loss. Severity assessed as P2-High. Response team dispatched at T+42min. Issue resolved by Carlos Ruiz. System validated and returned to normal operation. Lessons learned documented.,No action needed,Vendor firmware bug — ticket raised,Updated firmware to v3.4.1,1
INC-238205,2023-01-16,Line-A,Power,P2-High,Carlos Ruiz,71,Unexpected shutdown observed on Line-A. Operator reported loss of communication with PLC unit. Investigation revealed dust ingress on PCB. Technician Carlos Ruiz restored service after 71 minutes. Root cause: Configuration drift post-update. Preventive action: Implemented redundant network path.,No action needed,Configuration drift post-update,Implemented redundant network path,1
INC-599380,2024-04-04,Line-C,Software,P2-High,Alice Chen,284,Unexpected shutdown observed on Line-C. Operator reported loss of communication with PLC unit. Investigation revealed coolant pressure drop. Technician Alice Chen restored service after 284 minutes. Root cause: Environmental factor (humidity). Preventive action: Replaced faulty sensor module.,No action needed,Environmental factor (humidity),Replaced faulty sensor module,4
INC-163780,2024-05-05,Line-A,Security,P2-High,Diana Patel,169,Unexpected shutdown observed on Line-A. Operator reported loss of communication with PLC unit. Investigation revealed coolant pressure drop. Technician Diana Patel restored service after 169 minutes. Root cause: Vendor firmware bug — ticket raised. Preventive action: Adjusted PLC timeout threshold.,Escalated to vendor,Vendor firmware bug — ticket raised,Adjusted PLC timeout threshold,3
INC-388375,2024-10-01,Line-A,Network,P4-Low,Diana Patel,90,Alarm triggered on Line-A due to firmware mismatch. Severity assessed as P4-Low. Response team dispatched at T+9min. Issue resolved by Diana Patel. System validated and returned to normal operation. Lessons learned documented.,Monitoring extended,Vendor firmware bug — ticket raised,Implemented redundant network path,4
INC-994217,2024-11-01,Line-C,Hardware,P3-Medium,Diana Patel,65,Unexpected shutdown observed on Line-C. Operator reported loss of communication with PLC unit. Investigation revealed dust ingress on PCB. Technician Diana Patel restored service after 65 minutes. Root cause: Environmental factor (humidity). Preventive action: Scheduled bi-weekly lubrication cycle.,Monitoring extended,Environmental factor (humidity),Scheduled bi-weekly lubrication cycle,5
INC-427730,2024-03-13,Line-B,Power,P4-Low,Diana Patel,219,Unexpected shutdown observed on Line-B. Operator reported loss of communication with PLC unit. Investigation revealed unplanned power fluctuation. Technician Diana Patel restored service after 219 minutes. Root cause: Environmental factor (humidity). Preventive action: Implemented redundant network path.,No action needed,Environmental factor (humidity),Implemented redundant network path,5
INC-552855,2023-04-09,Line-C,Process,P2-High,Carlos Ruiz,440,Unexpected shutdown observed on Line-C. Operator reported loss of communication with PLC unit. Investigation revealed lubricant contamination. Technician Carlos Ruiz restored service after 440 minutes. Root cause: Manufacturing defect in sensor batch. Preventive action: Updated firmware to v3.4.1.,No action needed,Manufacturing defect in sensor batch,Updated firmware to v3.4.1,1
INC-856086,2023-02-22,Line-A,Process,P3-Medium,Edward Kim,462,Recurring fault detected on Line-A. Third occurrence this quarter. Edward Kim performed deep-dive analysis. firmware mismatch identified as systemic issue. Long-term fix: Installed surge protector. Scheduled for next maintenance window.,No action needed,Inadequate preventive maintenance interval,Installed surge protector,4
INC-988432,2023-04-21,Line-C,Security,P1-Critical,Carlos Ruiz,351,Alarm triggered on Line-C due to dust ingress on PCB. Severity assessed as P1-Critical. Response team dispatched at T+35min. Issue resolved by Carlos Ruiz. System validated and returned to normal operation. Lessons learned documented.,No action needed,Configuration drift post-update,Replaced faulty sensor module,4
INC-738577,2024-11-04,Line-C,Security,P3-Medium,Alice Chen,407,Unexpected shutdown observed on Line-C. Operator reported loss of communication with PLC unit. Investigation revealed network packet loss. Technician Alice Chen restored service after 407 minutes. Root cause: Vendor firmware bug — ticket raised. Preventive action: Installed surge protector.,No action needed,Vendor firmware bug — ticket raised,Installed surge protector,0
INC-172965,2023-05-26,Line-B,Software,P3-Medium,Carlos Ruiz,460,Recurring fault detected on Line-B. Third occurrence this quarter. Carlos Ruiz performed deep-dive analysis. PLC watchdog timeout identified as systemic issue. Long-term fix: Updated firmware to v3.4.1. Scheduled for next maintenance window.,Root cause fixed,Configuration drift post-update,Updated firmware to v3.4.1,0
INC-914571,2024-08-04,Line-B,Hardware,P4-Low,Diana Patel,174,Production halted on Line-B. PLC watchdog timeout caused cascading failures in downstream units. Containment: Replaced faulty sensor module. Full recovery achieved at 174 minutes after detection. No product loss reported. Incident categorised as Hardware.,Monitoring extended,Inadequate preventive maintenance interval,Replaced faulty sensor module,0
INC-609253,2024-09-13,Line-A,Security,P2-High,Bob Mehra,154,Recurring fault detected on Line-A. Third occurrence this quarter. Bob Mehra performed deep-dive analysis. coolant pressure drop identified as systemic issue. Long-term fix: Adjusted PLC timeout threshold. Scheduled for next maintenance window.,Escalated to vendor,Manufacturing defect in sensor batch,Adjusted PLC timeout threshold,3
INC-652530,2024-11-14,Line-C,Software,P1-Critical,Bob Mehra,362,Recurring fault detected on Line-C. Third occurrence this quarter. Bob Mehra performed deep-dive analysis. unplanned power fluctuation identified as systemic issue. Long-term fix: Updated firmware to v3.4.1. Scheduled for next maintenance window.,No action needed,Inadequate preventive maintenance interval,Updated firmware to v3.4.1,0
INC-403507,2023-12-02,Line-B,Network,P1-Critical,Diana Patel,407,Production halted on Line-B. network packet loss caused cascading failures in downstream units. Containment: Implemented redundant network path. Full recovery achieved at 407 minutes after detection. No product loss reported. Incident categorised as Network.,Root cause fixed,Configuration drift post-update,Implemented redundant network path,0
INC-175576,2024-02-11,Line-D,Power,P4-Low,Fatima Al-Hassan,375,Production halted on Line-D. sensor calibration drift caused cascading failures in downstream units. Containment: Installed surge protector. Full recovery achieved at 375 minutes after detection. No product loss reported. Incident categorised as Power.,Root cause fixed,Vendor firmware bug — ticket raised,Installed surge protector,3
INC-403578,2023-04-28,Line-A,Software,P1-Critical,Diana Patel,378,Recurring fault detected on Line-A. Third occurrence this quarter. Diana Patel performed deep-dive analysis. unplanned power fluctuation identified as systemic issue. Long-term fix: Scheduled bi-weekly lubrication cycle. Scheduled for next maintenance window.,Escalated to vendor,Environmental factor (humidity),Scheduled bi-weekly lubrication cycle,0
INC-556839,2024-08-26,Line-C,Process,P4-Low,Bob Mehra,447,Alarm triggered on Line-C due to PLC watchdog timeout. Severity assessed as P4-Low. Response team dispatched at T+11min. Issue resolved by Bob Mehra. System validated and returned to normal operation. Lessons learned documented.,Escalated to vendor,Environmental factor (humidity),Updated firmware to v3.4.1,4
INC-635280,2024-10-10,Line-A,Process,P3-Medium,Diana Patel,413,Unexpected shutdown observed on Line-A. Operator reported loss of communication with PLC unit. Investigation revealed PLC watchdog timeout. Technician Diana Patel restored service after 413 minutes. Root cause: Inadequate preventive maintenance interval. Preventive action: Replaced faulty sensor module.,Root cause fixed,Inadequate preventive maintenance interval,Replaced faulty sensor module,4
INC-281926,2024-09-08,Line-B,Process,P3-Medium,Carlos Ruiz,89,Alarm triggered on Line-B due to sensor calibration drift. Severity assessed as P3-Medium. Response team dispatched at T+21min. Issue resolved by Carlos Ruiz. System validated and returned to normal operation. Lessons learned documented.,Workaround applied,Manufacturing defect in sensor batch,Replaced faulty sensor module,5
INC-757685,2023-11-20,Line-A,Hardware,P4-Low,Bob Mehra,344,Production halted on Line-A. lubricant contamination caused cascading failures in downstream units. Containment: Adjusted PLC timeout threshold. Full recovery achieved at 344 minutes after detection. No product loss reported. Incident categorised as Hardware.,Workaround applied,Vendor firmware bug — ticket raised,Adjusted PLC timeout threshold,3
INC-425486,2024-04-17,Line-A,Process,P4-Low,Diana Patel,43,Unexpected shutdown observed on Line-A. Operator reported loss of communication with PLC unit. Investigation revealed thermal runaway in drive unit. Technician Diana Patel restored service after 43 minutes. Root cause: Vendor firmware bug — ticket raised. Preventive action: Implemented redundant network path.,Escalated to vendor,Vendor firmware bug — ticket raised,Implemented redundant network path,0
INC-708519,2024-07-21,Line-A,Network,P3-Medium,Carlos Ruiz,274,Recurring fault detected on Line-A. Third occurrence this quarter. Carlos Ruiz performed deep-dive analysis. firmware mismatch identified as systemic issue. Long-term fix: Scheduled bi-weekly lubrication cycle. Scheduled for next maintenance window.,Root cause fixed,Vendor firmware bug — ticket raised,Scheduled bi-weekly lubrication cycle,3
INC-849014,2023-03-28,Line-B,Security,P4-Low,Carlos Ruiz,67,Production halted on Line-B. sensor calibration drift caused cascading failures in downstream units. Containment: Updated firmware to v3.4.1. Full recovery achieved at 67 minutes after detection. No product loss reported. Incident categorised as Security.,Monitoring extended,Environmental factor (humidity),Updated firmware to v3.4.1,5
INC-481574,2024-01-17,Line-B,Process,P2-High,Alice Chen,282,Alarm triggered on Line-B due to lubricant contamination. Severity assessed as P2-High. Response team dispatched at T+44min. Issue resolved by Alice Chen. System validated and returned to normal operation. Lessons learned documented.,No action needed,Vendor firmware bug — ticket raised,Installed surge protector,3
INC-397949,2023-09-16,Line-D,Process,P1-Critical,Carlos Ruiz,63,Recurring fault detected on Line-D. Third occurrence this quarter. Carlos Ruiz performed deep-dive analysis. PLC watchdog timeout identified as systemic issue. Long-term fix: Updated firmware to v3.4.1. Scheduled for next maintenance window.,Monitoring extended,Inadequate preventive maintenance interval,Updated firmware to v3.4.1,1
INC-424620,2024-07-26,Line-C,Software,P2-High,Alice Chen,81,Unexpected shutdown observed on Line-C. Operator reported loss of communication with PLC unit. Investigation revealed thermal runaway in drive unit. Technician Alice Chen restored service after 81 minutes. Root cause: Environmental factor (humidity). Preventive action: Adjusted PLC timeout threshold.,Escalated to vendor,Environmental factor (humidity),Adjusted PLC timeout threshold,5
INC-289019,2023-08-08,Line-C,Process,P1-Critical,Bob Mehra,24,Production halted on Line-C. unplanned power fluctuation caused cascading failures in downstream units. Containment: Scheduled bi-weekly lubrication cycle. Full recovery achieved at 24 minutes after detection. No product loss reported. Incident categorised as Process.,No action needed,Inadequate preventive maintenance interval,Scheduled bi-weekly lubrication cycle,3
INC-794083,2023-12-11,Line-B,Power,P2-High,Bob Mehra,274,Unexpected shutdown observed on Line-B. Operator reported loss of communication with PLC unit. Investigation revealed firmware mismatch. Technician Bob Mehra restored service after 274 minutes. Root cause: Manufacturing defect in sensor batch. Preventive action: Implemented redundant network path.,Monitoring extended,Manufacturing defect in sensor batch,Implemented redundant network path,1
INC-809217,2023-09-01,Line-D,Power,P2-High,Bob Mehra,37,Production halted on Line-D. sensor calibration drift caused cascading failures in downstream units. Containment: Adjusted PLC timeout threshold. Full recovery achieved at 37 minutes after detection. No product loss reported. Incident categorised as Power.,Escalated to vendor,Environmental factor (humidity),Adjusted PLC timeout threshold,4
INC-975679,2023-07-18,Line-C,Power,P4-Low,Fatima Al-Hassan,429,Recurring fault detected on Line-C. Third occurrence this quarter. Fatima Al-Hassan performed deep-dive analysis. dust ingress on PCB identified as systemic issue. Long-term fix: Replaced faulty sensor module. Scheduled for next maintenance window.,No action needed,Inadequate preventive maintenance interval,Replaced faulty sensor module,5
INC-940181,2024-09-11,Line-D,Hardware,P3-Medium,Diana Patel,97,Alarm triggered on Line-D due to dust ingress on PCB. Severity assessed as P3-Medium. Response team dispatched at T+57min. Issue resolved by Diana Patel. System validated and returned to normal operation. Lessons learned documented.,Workaround applied,Environmental factor (humidity),Scheduled bi-weekly lubrication cycle,2
INC-187949,2023-06-14,Line-A,Software,P4-Low,Fatima Al-Hassan,450,Production halted on Line-A. dust ingress on PCB caused cascading failures in downstream units. Containment: Updated firmware to v3.4.1. Full recovery achieved at 450 minutes after detection. No product loss reported. Incident categorised as Software.,No action needed,Vendor firmware bug — ticket raised,Updated firmware to v3.4.1,3
INC-626392,2024-01-18,Line-B,Power,P1-Critical,Diana Patel,227,Recurring fault detected on Line-B. Third occurrence this quarter. Diana Patel performed deep-dive analysis. lubricant contamination identified as systemic issue. Long-term fix: Implemented redundant network path. Scheduled for next maintenance window.,Workaround applied,Manufacturing defect in sensor batch,Implemented redundant network path,3
INC-140163,2023-10-21,Line-A,Network,P2-High,Carlos Ruiz,420,Alarm triggered on Line-A due to PLC watchdog timeout. Severity assessed as P2-High. Response team dispatched at T+14min. Issue resolved by Carlos Ruiz. System validated and returned to normal operation. Lessons learned documented.,Escalated to vendor,Inadequate preventive maintenance interval,Updated firmware to v3.4.1,5
INC-675462,2024-09-15,Line-B,Hardware,P4-Low,Fatima Al-Hassan,146,Alarm triggered on Line-B due to coolant pressure drop. Severity assessed as P4-Low. Response team dispatched at T+18min. Issue resolved by Fatima Al-Hassan. System validated and returned to normal operation. Lessons learned documented.,Monitoring extended,Manufacturing defect in sensor batch,Updated firmware to v3.4.1,3
INC-165858,2023-04-24,Line-A,Software,P2-High,Carlos Ruiz,229,Recurring fault detected on Line-A. Third occurrence this quarter. Carlos Ruiz performed deep-dive analysis. firmware mismatch identified as systemic issue. Long-term fix: Updated firmware to v3.4.1. Scheduled for next maintenance window.,Escalated to vendor,Configuration drift post-update,Updated firmware to v3.4.1,4
INC-352249,2024-08-07,Line-A,Process,P2-High,Fatima Al-Hassan,15,Production halted on Line-A. sensor calibration drift caused cascading failures in downstream units. Containment: Implemented redundant network path. Full recovery achieved at 15 minutes after detection. No product loss reported. Incident categorised as Process.,Escalated to vendor,Environmental factor (humidity),Implemented redundant network path,1
INC-509420,2024-04-26,Line-A,Network,P3-Medium,Edward Kim,417,Unexpected shutdown observed on Line-A. Operator reported loss of communication with PLC unit. Investigation revealed dust ingress on PCB. Technician Edward Kim restored service after 417 minutes. Root cause: Vendor firmware bug — ticket raised. Preventive action: Scheduled bi-weekly lubrication cycle.,Root cause fixed,Vendor firmware bug — ticket raised,Scheduled bi-weekly lubrication cycle,5
INC-908977,2024-08-18,Line-D,Process,P3-Medium,Carlos Ruiz,191,Unexpected shutdown observed on Line-D. Operator reported loss of communication with PLC unit. Investigation revealed coolant pressure drop. Technician Carlos Ruiz restored service after 191 minutes. Root cause: Manufacturing defect in sensor batch. Preventive action: Implemented redundant network path.,No action needed,Manufacturing defect in sensor batch,Implemented redundant network path,1
INC-950916,2023-05-19,Line-A,Process,P3-Medium,Carlos Ruiz,371,Alarm triggered on Line-A due to sensor calibration drift. Severity assessed as P3-Medium. Response team dispatched at T+35min. Issue resolved by Carlos Ruiz. System validated and returned to normal operation. Lessons learned documented.,Root cause fixed,Environmental factor (humidity),Adjusted PLC timeout threshold,5
INC-955015,2024-07-10,Line-D,Power,P3-Medium,Alice Chen,176,Recurring fault detected on Line-D. Third occurrence this quarter. Alice Chen performed deep-dive analysis. coolant pressure drop identified as systemic issue. Long-term fix: Replaced faulty sensor module. Scheduled for next maintenance window.,Escalated to vendor,Manufacturing defect in sensor batch,Replaced faulty sensor module,2
INC-558176,2024-02-14,Line-A,Software,P2-High,Fatima Al-Hassan,154,Production halted on Line-A. PLC watchdog timeout caused cascading failures in downstream units. Containment: Updated firmware to v3.4.1. Full recovery achieved at 154 minutes after detection. No product loss reported. Incident categorised as Software.,Escalated to vendor,Inadequate preventive maintenance interval,Updated firmware to v3.4.1,3
INC-862400,2024-03-10,Line-C,Process,P4-Low,Bob Mehra,151,Unexpected shutdown observed on Line-C. Operator reported loss of communication with PLC unit. Investigation revealed lubricant contamination. Technician Bob Mehra restored service after 151 minutes. Root cause: Vendor firmware bug — ticket raised. Preventive action: Implemented redundant network path.,Root cause fixed,Vendor firmware bug — ticket raised,Implemented redundant network path,3
INC-567576,2024-09-09,Line-B,Software,P3-Medium,Edward Kim,353,Production halted on Line-B. firmware mismatch caused cascading failures in downstream units. Containment: Updated firmware to v3.4.1. Full recovery achieved at 353 minutes after detection. No product loss reported. Incident categorised as Software.,Escalated to vendor,Inadequate preventive maintenance interval,Updated firmware to v3.4.1,1
INC-178686,2024-11-18,Line-D,Network,P4-Low,Carlos Ruiz,155,Unexpected shutdown observed on Line-D. Operator reported loss of communication with PLC unit. Investigation revealed PLC watchdog timeout. Technician Carlos Ruiz restored service after 155 minutes. Root cause: Environmental factor (humidity). Preventive action: Scheduled bi-weekly lubrication cycle.,Escalated to vendor,Environmental factor (humidity),Scheduled bi-weekly lubrication cycle,2
INC-479742,2024-01-28,Line-B,Security,P2-High,Alice Chen,49,Production halted on Line-B. lubricant contamination caused cascading failures in downstream units. Containment: Updated firmware to v3.4.1. Full recovery achieved at 49 minutes after detection. No product loss reported. Incident categorised as Security.,Monitoring extended,Configuration drift post-update,Updated firmware to v3.4.1,0
INC-517368,2023-11-18,Line-B,Software,P4-Low,Fatima Al-Hassan,308,Production halted on Line-B. PLC watchdog timeout caused cascading failures in downstream units. Containment: Installed surge protector. Full recovery achieved at 308 minutes after detection. No product loss reported. Incident categorised as Software.,No action needed,Manufacturing defect in sensor batch,Installed surge protector,1
INC-838237,2024-04-01,Line-A,Hardware,P2-High,Alice Chen,75,Production halted on Line-A. dust ingress on PCB caused cascading failures in downstream units. Containment: Installed surge protector. Full recovery achieved at 75 minutes after detection. No product loss reported. Incident categorised as Hardware.,Workaround applied,Vendor firmware bug — ticket raised,Installed surge protector,4
INC-192055,2024-11-29,Line-C,Power,P4-Low,Fatima Al-Hassan,246,Recurring fault detected on Line-C. Third occurrence this quarter. Fatima Al-Hassan performed deep-dive analysis. firmware mismatch identified as systemic issue. Long-term fix: Replaced faulty sensor module. Scheduled for next maintenance window.,No action needed,Manufacturing defect in sensor batch,Replaced faulty sensor module,5
INC-932250,2024-01-06,Line-C,Security,P1-Critical,Fatima Al-Hassan,450,Alarm triggered on Line-C due to dust ingress on PCB. Severity assessed as P1-Critical. Response team dispatched at T+15min. Issue resolved by Fatima Al-Hassan. System validated and returned to normal operation. Lessons learned documented.,Monitoring extended,Inadequate preventive maintenance interval,Implemented redundant network path,1
INC-590110,2024-07-18,Line-A,Power,P2-High,Bob Mehra,298,Production halted on Line-A. lubricant contamination caused cascading failures in downstream units. Containment: Updated firmware to v3.4.1. Full recovery achieved at 298 minutes after detection. No product loss reported. Incident categorised as Power.,Workaround applied,Inadequate preventive maintenance interval,Updated firmware to v3.4.1,4
INC-231414,2023-11-21,Line-A,Hardware,P3-Medium,Alice Chen,408,Unexpected shutdown observed on Line-A. Operator reported loss of communication with PLC unit. Investigation revealed lubricant contamination. Technician Alice Chen restored service after 408 minutes. Root cause: Environmental factor (humidity). Preventive action: Scheduled bi-weekly lubrication cycle.,Root cause fixed,Environmental factor (humidity),Scheduled bi-weekly lubrication cycle,3
INC-553633,2024-05-29,Line-D,Power,P3-Medium,Fatima Al-Hassan,108,Alarm triggered on Line-D due to dust ingress on PCB. Severity assessed as P3-Medium. Response team dispatched at T+54min. Issue resolved by Fatima Al-Hassan. System validated and returned to normal operation. Lessons learned documented.,Root cause fixed,Vendor firmware bug — ticket raised,Adjusted PLC timeout threshold,0
INC-987025,2023-03-22,Line-B,Power,P2-High,Carlos Ruiz,192,Production halted on Line-B. PLC watchdog timeout caused cascading failures in downstream units. Containment: Adjusted PLC timeout threshold. Full recovery achieved at 192 minutes after detection. No product loss reported. Incident categorised as Power.,No action needed,Configuration drift post-update,Adjusted PLC timeout threshold,1
INC-279516,2024-11-05,Line-C,Security,P3-Medium,Bob Mehra,343,Alarm triggered on Line-C due to dust ingress on PCB. Severity assessed as P3-Medium. Response team dispatched at T+15min. Issue resolved by Bob Mehra. System validated and returned to normal operation. Lessons learned documented.,Monitoring extended,Vendor firmware bug — ticket raised,Updated firmware to v3.4.1,5
INC-904214,2024-08-08,Line-C,Network,P1-Critical,Edward Kim,150,Alarm triggered on Line-C due to firmware mismatch. Severity assessed as P1-Critical. Response team dispatched at T+46min. Issue resolved by Edward Kim. System validated and returned to normal operation. Lessons learned documented.,Escalated to vendor,Vendor firmware bug — ticket raised,Updated firmware to v3.4.1,4
INC-411882,2024-04-09,Line-A,Process,P3-Medium,Diana Patel,427,Recurring fault detected on Line-A. Third occurrence this quarter. Diana Patel performed deep-dive analysis. thermal runaway in drive unit identified as systemic issue. Long-term fix: Installed surge protector. Scheduled for next maintenance window.,Root cause fixed,Configuration drift post-update,Installed surge protector,5
INC-427766,2023-11-23,Line-A,Hardware,P4-Low,Bob Mehra,189,Alarm triggered on Line-A due to lubricant contamination. Severity assessed as P4-Low. Response team dispatched at T+43min. Issue resolved by Bob Mehra. System validated and returned to normal operation. Lessons learned documented.,No action needed,Configuration drift post-update,Installed surge protector,3
INC-247720,2023-04-10,Line-B,Software,P1-Critical,Carlos Ruiz,151,Alarm triggered on Line-B due to network packet loss. Severity assessed as P1-Critical. Response team dispatched at T+33min. Issue resolved by Carlos Ruiz. System validated and returned to normal operation. Lessons learned documented.,Root cause fixed,Manufacturing defect in sensor batch,Installed surge protector,2
INC-900190,2023-06-13,Line-D,Power,P4-Low,Edward Kim,384,Alarm triggered on Line-D due to sensor calibration drift. Severity assessed as P4-Low. Response team dispatched at T+25min. Issue resolved by Edward Kim. System validated and returned to normal operation. Lessons learned documented.,Escalated to vendor,Vendor firmware bug — ticket raised,Implemented redundant network path,4
INC-325595,2024-08-20,Line-D,Hardware,P3-Medium,Diana Patel,273,Alarm triggered on Line-D due to coolant pressure drop. Severity assessed as P3-Medium. Response team dispatched at T+34min. Issue resolved by Diana Patel. System validated and returned to normal operation. Lessons learned documented.,No action needed,Environmental factor (humidity),Updated firmware to v3.4.1,0
INC-551860,2023-05-18,Line-A,Security,P4-Low,Carlos Ruiz,19,Unexpected shutdown observed on Line-A. Operator reported loss of communication with PLC unit. Investigation revealed lubricant contamination. Technician Carlos Ruiz restored service after 19 minutes. Root cause: Vendor firmware bug — ticket raised. Preventive action: Implemented redundant network path.,No action needed,Vendor firmware bug — ticket raised,Implemented redundant network path,5
INC-680096,2023-10-23,Line-C,Network,P3-Medium,Diana Patel,302,Production halted on Line-C. unplanned power fluctuation caused cascading failures in downstream units. Containment: Updated firmware to v3.4.1. Full recovery achieved at 302 minutes after detection. No product loss reported. Incident categorised as Network.,Root cause fixed,Vendor firmware bug — ticket raised,Updated firmware to v3.4.1,3
INC-684929,2024-01-10,Line-D,Security,P3-Medium,Edward Kim,216,Production halted on Line-D. firmware mismatch caused cascading failures in downstream units. Containment: Replaced faulty sensor module. Full recovery achieved at 216 minutes after detection. No product loss reported. Incident categorised as Security.,Workaround applied,Manufacturing defect in sensor batch,Replaced faulty sensor module,1
INC-256175,2024-09-12,Line-D,Network,P1-Critical,Edward Kim,426,Recurring fault detected on Line-D. Third occurrence this quarter. Edward Kim performed deep-dive analysis. coolant pressure drop identified as systemic issue. Long-term fix: Replaced faulty sensor module. Scheduled for next maintenance window.,Monitoring extended,Inadequate preventive maintenance interval,Replaced faulty sensor module,1
INC-843167,2024-07-30,Line-C,Power,P3-Medium,Edward Kim,318,Recurring fault detected on Line-C. Third occurrence this quarter. Edward Kim performed deep-dive analysis. unplanned power fluctuation identified as systemic issue. Long-term fix: Scheduled bi-weekly lubrication cycle. Scheduled for next maintenance window.,No action needed,Inadequate preventive maintenance interval,Scheduled bi-weekly lubrication cycle,3
INC-725905,2024-04-30,Line-A,Process,P3-Medium,Carlos Ruiz,172,Unexpected shutdown observed on Line-A. Operator reported loss of communication with PLC unit. Investigation revealed firmware mismatch. Technician Carlos Ruiz restored service after 172 minutes. Root cause: Vendor firmware bug — ticket raised. Preventive action: Installed surge protector.,No action needed,Vendor firmware bug — ticket raised,Installed surge protector,5
INC-254954,2024-11-28,Line-B,Security,P1-Critical,Fatima Al-Hassan,337,Recurring fault detected on Line-B. Third occurrence this quarter. Fatima Al-Hassan performed deep-dive analysis. lubricant contamination identified as systemic issue. Long-term fix: Replaced faulty sensor module. Scheduled for next maintenance window.,Workaround applied,Vendor firmware bug — ticket raised,Replaced faulty sensor module,0
INC-530311,2024-05-28,Line-A,Hardware,P1-Critical,Bob Mehra,226,Alarm triggered on Line-A due to PLC watchdog timeout. Severity assessed as P1-Critical. Response team dispatched at T+49min. Issue resolved by Bob Mehra. System validated and returned to normal operation. Lessons learned documented.,Monitoring extended,Configuration drift post-update,Installed surge protector,3
INC-428993,2023-06-27,Line-A,Security,P2-High,Fatima Al-Hassan,354,Recurring fault detected on Line-A. Third occurrence this quarter. Fatima Al-Hassan performed deep-dive analysis. network packet loss identified as systemic issue. Long-term fix: Scheduled bi-weekly lubrication cycle. Scheduled for next maintenance window.,Escalated to vendor,Inadequate preventive maintenance interval,Scheduled bi-weekly lubrication cycle,4
INC-685196,2023-11-02,Line-C,Process,P3-Medium,Edward Kim,113,Production halted on Line-C. thermal runaway in drive unit caused cascading failures in downstream units. Containment: Scheduled bi-weekly lubrication cycle. Full recovery achieved at 113 minutes after detection. No product loss reported. Incident categorised as Process.,Workaround applied,Environmental factor (humidity),Scheduled bi-weekly lubrication cycle,2
INC-401769,2023-05-05,Line-C,Process,P2-High,Fatima Al-Hassan,193,Production halted on Line-C. lubricant contamination caused cascading failures in downstream units. Containment: Implemented redundant network path. Full recovery achieved at 193 minutes after detection. No product loss reported. Incident categorised as Process.,Monitoring extended,Environmental factor (humidity),Implemented redundant network path,5
INC-563864,2024-11-02,Line-D,Power,P3-Medium,Diana Patel,380,Production halted on Line-D. thermal runaway in drive unit caused cascading failures in downstream units. Containment: Updated firmware to v3.4.1. Full recovery achieved at 380 minutes after detection. No product loss reported. Incident categorised as Power.,No action needed,Inadequate preventive maintenance interval,Updated firmware to v3.4.1,5
INC-354235,2023-02-21,Line-D,Security,P2-High,Bob Mehra,85,Alarm triggered on Line-D due to thermal runaway in drive unit. Severity assessed as P2-High. Response team dispatched at T+11min. Issue resolved by Bob Mehra. System validated and returned to normal operation. Lessons learned documented.,Monitoring extended,Inadequate preventive maintenance interval,Scheduled bi-weekly lubrication cycle,1
INC-105433,2024-07-17,Line-B,Hardware,P1-Critical,Alice Chen,66,Alarm triggered on Line-B due to PLC watchdog timeout. Severity assessed as P1-Critical. Response team dispatched at T+48min. Issue resolved by Alice Chen. System validated and returned to normal operation. Lessons learned documented.,Workaround applied,Environmental factor (humidity),Adjusted PLC timeout threshold,3
INC-783984,2024-08-10,Line-D,Software,P2-High,Diana Patel,479,Unexpected shutdown observed on Line-D. Operator reported loss of communication with PLC unit. Investigation revealed PLC watchdog timeout. Technician Diana Patel restored service after 479 minutes. Root cause: Manufacturing defect in sensor batch. Preventive action: Implemented redundant network path.,Workaround applied,Manufacturing defect in sensor batch,Implemented redundant network path,4
INC-139286,2023-01-10,Line-A,Power,P4-Low,Bob Mehra,110,Production halted on Line-A. coolant pressure drop caused cascading failures in downstream units. Containment: Installed surge protector. Full recovery achieved at 110 minutes after detection. No product loss reported. Incident categorised as Power.,No action needed,Environmental factor (humidity),Installed surge protector,4
INC-386090,2023-07-17,Line-A,Hardware,P3-Medium,Carlos Ruiz,470,Recurring fault detected on Line-A. Third occurrence this quarter. Carlos Ruiz performed deep-dive analysis. dust ingress on PCB identified as systemic issue. Long-term fix: Scheduled bi-weekly lubrication cycle. Scheduled for next maintenance window.,Root cause fixed,Environmental factor (humidity),Scheduled bi-weekly lubrication cycle,2
INC-929179,2023-10-30,Line-B,Process,P4-Low,Fatima Al-Hassan,22,Production halted on Line-B. thermal runaway in drive unit caused cascading failures in downstream units. Containment: Adjusted PLC timeout threshold. Full recovery achieved at 22 minutes after detection. No product loss reported. Incident categorised as Process.,Monitoring extended,Configuration drift post-update,Adjusted PLC timeout threshold,5
INC-293757,2023-05-24,Line-B,Hardware,P4-Low,Bob Mehra,220,Unexpected shutdown observed on Line-B. Operator reported loss of communication with PLC unit. Investigation revealed dust ingress on PCB. Technician Bob Mehra restored service after 220 minutes. Root cause: Manufacturing defect in sensor batch. Preventive action: Implemented redundant network path.,Escalated to vendor,Manufacturing defect in sensor batch,Implemented redundant network path,2
INC-374258,2024-10-31,Line-B,Hardware,P3-Medium,Alice Chen,183,Unexpected shutdown observed on Line-B. Operator reported loss of communication with PLC unit. Investigation revealed network packet loss. Technician Alice Chen restored service after 183 minutes. Root cause: Inadequate preventive maintenance interval. Preventive action: Installed surge protector.,No action needed,Inadequate preventive maintenance interval,Installed surge protector,5
INC-823821,2023-05-01,Line-B,Hardware,P1-Critical,Alice Chen,366,Production halted on Line-B. thermal runaway in drive unit caused cascading failures in downstream units. Containment: Replaced faulty sensor module. Full recovery achieved at 366 minutes after detection. No product loss reported. Incident categorised as Hardware.,No action needed,Environmental factor (humidity),Replaced faulty sensor module,2
INC-894139,2024-07-04,Line-B,Hardware,P2-High,Bob Mehra,206,Recurring fault detected on Line-B. Third occurrence this quarter. Bob Mehra performed deep-dive analysis. sensor calibration drift identified as systemic issue. Long-term fix: Installed surge protector. Scheduled for next maintenance window.,Workaround applied,Vendor firmware bug — ticket raised,Installed surge protector,1
INC-700521,2024-07-03,Line-A,Security,P4-Low,Edward Kim,72,Alarm triggered on Line-A due to PLC watchdog timeout. Severity assessed as P4-Low. Response team dispatched at T+8min. Issue resolved by Edward Kim. System validated and returned to normal operation. Lessons learned documented.,Workaround applied,Vendor firmware bug — ticket raised,Updated firmware to v3.4.1,1
INC-947975,2023-02-26,Line-C,Network,P4-Low,Edward Kim,265,Recurring fault detected on Line-C. Third occurrence this quarter. Edward Kim performed deep-dive analysis. network packet loss identified as systemic issue. Long-term fix: Adjusted PLC timeout threshold. Scheduled for next maintenance window.,Escalated to vendor,Vendor firmware bug — ticket raised,Adjusted PLC timeout threshold,1
INC-366817,2023-01-04,Line-D,Security,P1-Critical,Diana Patel,385,Recurring fault detected on Line-D. Third occurrence this quarter. Diana Patel performed deep-dive analysis. lubricant contamination identified as systemic issue. Long-term fix: Adjusted PLC timeout threshold. Scheduled for next maintenance window.,Workaround applied,Inadequate preventive maintenance interval,Adjusted PLC timeout threshold,4
INC-133276,2023-10-21,Line-A,Software,P4-Low,Alice Chen,472,Recurring fault detected on Line-A. Third occurrence this quarter. Alice Chen performed deep-dive analysis. firmware mismatch identified as systemic issue. Long-term fix: Scheduled bi-weekly lubrication cycle. Scheduled for next maintenance window.,Escalated to vendor,Manufacturing defect in sensor batch,Scheduled bi-weekly lubrication cycle,1
INC-785280,2023-12-23,Line-B,Software,P4-Low,Fatima Al-Hassan,207,Alarm triggered on Line-B due to unplanned power fluctuation. Severity assessed as P4-Low. Response team dispatched at T+10min. Issue resolved by Fatima Al-Hassan. System validated and returned to normal operation. Lessons learned documented.,Root cause fixed,Environmental factor (humidity),Installed surge protector,1
INC-657772,2024-01-24,Line-D,Process,P2-High,Edward Kim,167,Recurring fault detected on Line-D. Third occurrence this quarter. Edward Kim performed deep-dive analysis. network packet loss identified as systemic issue. Long-term fix: Updated firmware to v3.4.1. Scheduled for next maintenance window.,Workaround applied,Manufacturing defect in sensor batch,Updated firmware to v3.4.1,1
INC-744793,2023-01-17,Line-D,Software,P2-High,Carlos Ruiz,31,Recurring fault detected on Line-D. Third occurrence this quarter. Carlos Ruiz performed deep-dive analysis. network packet loss identified as systemic issue. Long-term fix: Adjusted PLC timeout threshold. Scheduled for next maintenance window.,Workaround applied,Manufacturing defect in sensor batch,Adjusted PLC timeout threshold,1
INC-665979,2023-08-11,Line-A,Hardware,P1-Critical,Alice Chen,220,Alarm triggered on Line-A due to coolant pressure drop. Severity assessed as P1-Critical. Response team dispatched at T+33min. Issue resolved by Alice Chen. System validated and returned to normal operation. Lessons learned documented.,Root cause fixed,Manufacturing defect in sensor batch,Replaced faulty sensor module,1
INC-533649,2023-11-04,Line-C,Security,P3-Medium,Bob Mehra,463,Alarm triggered on Line-C due to PLC watchdog timeout. Severity assessed as P3-Medium. Response team dispatched at T+14min. Issue resolved by Bob Mehra. System validated and returned to normal operation. Lessons learned documented.,No action needed,Inadequate preventive maintenance interval,Replaced faulty sensor module,0
INC-923975,2024-06-21,Line-B,Security,P4-Low,Fatima Al-Hassan,344,Recurring fault detected on Line-B. Third occurrence this quarter. Fatima Al-Hassan performed deep-dive analysis. lubricant contamination identified as systemic issue. Long-term fix: Updated firmware to v3.4.1. Scheduled for next maintenance window.,No action needed,Inadequate preventive maintenance interval,Updated firmware to v3.4.1,5
INC-415344,2024-12-25,Line-D,Software,P2-High,Diana Patel,257,Alarm triggered on Line-D due to unplanned power fluctuation. Severity assessed as P2-High. Response team dispatched at T+20min. Issue resolved by Diana Patel. System validated and returned to normal operation. Lessons learned documented.,Workaround applied,Vendor firmware bug — ticket raised,Replaced faulty sensor module,3
INC-313214,2023-12-05,Line-A,Hardware,P4-Low,Edward Kim,213,Production halted on Line-A. dust ingress on PCB caused cascading failures in downstream units. Containment: Scheduled bi-weekly lubrication cycle. Full recovery achieved at 213 minutes after detection. No product loss reported. Incident categorised as Hardware.,Root cause fixed,Configuration drift post-update,Scheduled bi-weekly lubrication cycle,3
INC-297303,2024-08-24,Line-C,Network,P2-High,Alice Chen,323,Unexpected shutdown observed on Line-C. Operator reported loss of communication with PLC unit. Investigation revealed thermal runaway in drive unit. Technician Alice Chen restored service after 323 minutes. Root cause: Vendor firmware bug — ticket raised. Preventive action: Installed surge protector.,Monitoring extended,Vendor firmware bug — ticket raised,Installed surge protector,1
INC-354377,2024-12-13,Line-D,Software,P3-Medium,Bob Mehra,394,Recurring fault detected on Line-D. Third occurrence this quarter. Bob Mehra performed deep-dive analysis. coolant pressure drop identified as systemic issue. Long-term fix: Replaced faulty sensor module. Scheduled for next maintenance window.,Monitoring extended,Configuration drift post-update,Replaced faulty sensor module,5
INC-423404,2023-09-25,Line-B,Security,P2-High,Diana Patel,253,Production halted on Line-B. PLC watchdog timeout caused cascading failures in downstream units. Containment: Implemented redundant network path. Full recovery achieved at 253 minutes after detection. No product loss reported. Incident categorised as Security.,No action needed,Environmental factor (humidity),Implemented redundant network path,4
INC-147936,2024-07-30,Line-D,Process,P1-Critical,Diana Patel,204,Recurring fault detected on Line-D. Third occurrence this quarter. Diana Patel performed deep-dive analysis. lubricant contamination identified as systemic issue. Long-term fix: Implemented redundant network path. Scheduled for next maintenance window.,Workaround applied,Configuration drift post-update,Implemented redundant network path,5
INC-498290,2024-08-06,Line-B,Security,P3-Medium,Alice Chen,115,Alarm triggered on Line-B due to unplanned power fluctuation. Severity assessed as P3-Medium. Response team dispatched at T+26min. Issue resolved by Alice Chen. System validated and returned to normal operation. Lessons learned documented.,Workaround applied,Configuration drift post-update,Implemented redundant network path,3
INC-277487,2023-05-24,Line-C,Process,P4-Low,Carlos Ruiz,390,Production halted on Line-C. lubricant contamination caused cascading failures in downstream units. Containment: Installed surge protector. Full recovery achieved at 390 minutes after detection. No product loss reported. Incident categorised as Process.,Monitoring extended,Configuration drift post-update,Installed surge protector,3
INC-244170,2024-10-07,Line-B,Security,P1-Critical,Edward Kim,406,Recurring fault detected on Line-B. Third occurrence this quarter. Edward Kim performed deep-dive analysis. coolant pressure drop identified as systemic issue. Long-term fix: Updated firmware to v3.4.1. Scheduled for next maintenance window.,Workaround applied,Manufacturing defect in sensor batch,Updated firmware to v3.4.1,0
