run_id,date,line,product,shift,operator,target_units,actual_units,reject_units,oee_pct,downtime_minutes,downtime_cause,description
RUN-311559,2024-10-12,Line-A,Widget-Beta,Afternoon,Op-104,1229,1056,88,78.8,38,planned break,"Afternoon shift run on Line-A. Widget-Beta batch RUN-311559. Achieved 78.8% OEE against 1229 unit target. 1056 units produced, 88 scrapped. Key downtime event: planned break (38 min). Shift supervisor signed off."
RUN-852570,2023-04-08,Line-A,Gear-M5,Day,Op-103,743,559,33,70.7,28,material shortage,"Run RUN-852570: Line-A, Gear-M5, Day shift. Performance summary — Availability: 76.1%, Performance: 98.9%, Quality: 94.0%, OEE: 70.7%. Downtime cause: material shortage. Operator Op-103 reported no abnormal conditions."
RUN-629152,2024-03-19,Line-C,Valve-X200,Day,Op-105,1840,1376,90,69.9,9,quality hold,"Day shift run on Line-C. Valve-X200 batch RUN-629152. Achieved 69.9% OEE against 1840 unit target. 1376 units produced, 90 scrapped. Key downtime event: quality hold (9 min). Shift supervisor signed off."
RUN-704864,2023-08-07,Line-C,Widget-Beta,Afternoon,Op-104,714,551,13,75.5,23,changeover,"Afternoon shift run on Line-C. Widget-Beta batch RUN-704864. Achieved 75.5% OEE against 714 unit target. 551 units produced, 13 scrapped. Key downtime event: changeover (23 min). Shift supervisor signed off."
RUN-647639,2024-01-09,Line-D,Valve-X200,Night,Op-105,1856,1556,88,79.1,72,quality hold,Production run RUN-647639 on Line-D during Night shift. Product: Valve-X200. Target output: 1856 units. Actual output: 1556 units (OEE: 79.1%). Downtime: 72 minutes due to quality hold. Quality rejects: 88 units. Operator: Op-105. Run completed without safety incidents.
RUN-764721,2024-02-27,Line-D,Widget-Beta,Day,Op-102,1728,1298,73,70.8,40,tooling change,Production run RUN-764721 on Line-D during Day shift. Product: Widget-Beta. Target output: 1728 units. Actual output: 1298 units (OEE: 70.8%). Downtime: 40 minutes due to tooling change. Quality rejects: 73 units. Operator: Op-102. Run completed without safety incidents.
RUN-357516,2024-04-20,Line-C,Valve-X200,Night,Op-102,725,535,40,68.2,19,minor stoppages,"Night shift run on Line-C. Valve-X200 batch RUN-357516. Achieved 68.2% OEE against 725 unit target. 535 units produced, 40 scrapped. Key downtime event: minor stoppages (19 min). Shift supervisor signed off."
RUN-790666,2023-06-30,Line-D,Gear-M5,Afternoon,Op-104,1524,1176,85,71.5,3,planned break,"Run RUN-790666: Line-D, Gear-M5, Afternoon shift. Performance summary — Availability: 96.7%, Performance: 79.8%, Quality: 92.7%, OEE: 71.5%. Downtime cause: planned break. Operator Op-104 reported one label printer jam at 14:30."
RUN-804299,2023-04-03,Line-A,Pump-G10,Day,Op-101,1960,1560,110,74.0,8,unplanned jam,"Run RUN-804299: Line-A, Pump-G10, Day shift. Performance summary — Availability: 96.5%, Performance: 82.5%, Quality: 92.9%, OEE: 74.0%. Downtime cause: unplanned jam. Operator Op-101 reported one label printer jam at 14:30."
RUN-620566,2023-09-01,Line-D,Widget-Beta,Day,Op-101,1369,1234,59,85.9,106,material shortage,Production run RUN-620566 on Line-D during Day shift. Product: Widget-Beta. Target output: 1369 units. Actual output: 1234 units (OEE: 85.9%). Downtime: 106 minutes due to material shortage. Quality rejects: 59 units. Operator: Op-101. Run completed without safety incidents.
RUN-212002,2023-08-08,Line-A,Valve-X200,Afternoon,Op-105,1709,1341,103,72.4,54,minor stoppages,Production run RUN-212002 on Line-A during Afternoon shift. Product: Valve-X200. Target output: 1709 units. Actual output: 1341 units (OEE: 72.4%). Downtime: 54 minutes due to minor stoppages. Quality rejects: 103 units. Operator: Op-105. Run completed without safety incidents.
RUN-597920,2023-09-10,Line-C,Pump-G10,Afternoon,Op-103,1967,1521,95,72.5,14,planned break,"Run RUN-597920: Line-C, Pump-G10, Afternoon shift. Performance summary — Availability: 89.1%, Performance: 86.8%, Quality: 93.7%, OEE: 72.5%. Downtime cause: planned break. Operator Op-103 reported temp spike in oven unit at 22:00."
RUN-982348,2024-11-09,Line-C,Widget-Beta,Afternoon,Op-104,1665,1149,41,66.6,115,material shortage,"Run RUN-982348: Line-C, Widget-Beta, Afternoon shift. Performance summary — Availability: 83.8%, Performance: 82.4%, Quality: 96.4%, OEE: 66.6%. Downtime cause: material shortage. Operator Op-104 reported no abnormal conditions."
RUN-660894,2024-03-29,Line-A,Widget-Beta,Afternoon,Op-105,987,797,51,75.6,103,quality hold,Production run RUN-660894 on Line-A during Afternoon shift. Product: Widget-Beta. Target output: 987 units. Actual output: 797 units (OEE: 75.6%). Downtime: 103 minutes due to quality hold. Quality rejects: 51 units. Operator: Op-105. Run completed without safety incidents.
RUN-560163,2023-11-21,Line-D,Widget-Alpha,Afternoon,Op-103,816,596,45,67.5,26,tooling change,"Run RUN-560163: Line-D, Widget-Alpha, Afternoon shift. Performance summary — Availability: 77.2%, Performance: 94.7%, Quality: 92.3%, OEE: 67.5%. Downtime cause: tooling change. Operator Op-103 reported slight vibration on feeder belt."
RUN-852233,2023-04-13,Line-D,Widget-Alpha,Afternoon,Op-101,1885,1533,41,79.1,118,tooling change,"Afternoon shift run on Line-D. Widget-Alpha batch RUN-852233. Achieved 79.1% OEE against 1885 unit target. 1533 units produced, 41 scrapped. Key downtime event: tooling change (118 min). Shift supervisor signed off."
RUN-898989,2024-10-18,Line-B,Valve-X200,Night,Op-101,920,724,33,75.1,41,unplanned jam,Production run RUN-898989 on Line-B during Night shift. Product: Valve-X200. Target output: 920 units. Actual output: 724 units (OEE: 75.1%). Downtime: 41 minutes due to unplanned jam. Quality rejects: 33 units. Operator: Op-101. Run completed without safety incidents.
RUN-361728,2024-12-31,Line-B,Pump-G10,Night,Op-102,206,157,10,71.0,10,changeover,"Run RUN-361728: Line-B, Pump-G10, Night shift. Performance summary — Availability: 84.6%, Performance: 90.1%, Quality: 93.1%, OEE: 71.0%. Downtime cause: changeover. Operator Op-102 reported slight vibration on feeder belt."
RUN-820861,2023-12-02,Line-B,Gear-M5,Night,Op-104,1823,1525,21,82.5,17,planned break,"Run RUN-820861: Line-B, Gear-M5, Night shift. Performance summary — Availability: 97.5%, Performance: 85.8%, Quality: 98.6%, OEE: 82.5%. Downtime cause: planned break. Operator Op-104 reported slight vibration on feeder belt."
RUN-121741,2024-07-25,Line-C,Widget-Beta,Day,Op-104,952,725,4,75.8,113,material shortage,Production run RUN-121741 on Line-C during Day shift. Product: Widget-Beta. Target output: 952 units. Actual output: 725 units (OEE: 75.8%). Downtime: 113 minutes due to material shortage. Quality rejects: 4 units. Operator: Op-104. Run completed without safety incidents.
RUN-256501,2024-01-12,Line-B,Widget-Alpha,Afternoon,Op-102,736,534,32,68.3,54,material shortage,Production run RUN-256501 on Line-B during Afternoon shift. Product: Widget-Alpha. Target output: 736 units. Actual output: 534 units (OEE: 68.3%). Downtime: 54 minutes due to material shortage. Quality rejects: 32 units. Operator: Op-102. Run completed without safety incidents.
RUN-224269,2024-12-31,Line-B,Gear-M5,Day,Op-101,1671,1370,10,81.3,105,quality hold,Production run RUN-224269 on Line-B during Day shift. Product: Gear-M5. Target output: 1671 units. Actual output: 1370 units (OEE: 81.3%). Downtime: 105 minutes due to quality hold. Quality rejects: 10 units. Operator: Op-101. Run completed without safety incidents.
RUN-862008,2023-07-13,Line-B,Widget-Beta,Afternoon,Op-103,1728,1172,17,66.9,76,minor stoppages,"Run RUN-862008: Line-B, Widget-Beta, Afternoon shift. Performance summary — Availability: 86.9%, Performance: 78.1%, Quality: 98.5%, OEE: 66.9%. Downtime cause: minor stoppages. Operator Op-103 reported one label printer jam at 14:30."
RUN-711218,2024-10-24,Line-D,Widget-Beta,Afternoon,Op-102,258,171,6,64.1,116,minor stoppages,"Run RUN-711218: Line-D, Widget-Beta, Afternoon shift. Performance summary — Availability: 82.0%, Performance: 81.3%, Quality: 96.1%, OEE: 64.1%. Downtime cause: minor stoppages. Operator Op-102 reported one label printer jam at 14:30."
RUN-842866,2024-09-03,Line-D,Widget-Alpha,Day,Op-104,472,445,27,88.6,27,quality hold,"Day shift run on Line-D. Widget-Alpha batch RUN-842866. Achieved 88.6% OEE against 472 unit target. 445 units produced, 27 scrapped. Key downtime event: quality hold (27 min). Shift supervisor signed off."
RUN-105621,2024-05-31,Line-C,Widget-Alpha,Day,Op-105,320,237,12,70.3,45,material shortage,"Day shift run on Line-C. Widget-Alpha batch RUN-105621. Achieved 70.3% OEE against 320 unit target. 237 units produced, 12 scrapped. Key downtime event: material shortage (45 min). Shift supervisor signed off."
RUN-455652,2023-05-16,Line-D,Valve-X200,Afternoon,Op-103,470,408,17,83.1,33,minor stoppages,"Afternoon shift run on Line-D. Valve-X200 batch RUN-455652. Achieved 83.1% OEE against 470 unit target. 408 units produced, 17 scrapped. Key downtime event: minor stoppages (33 min). Shift supervisor signed off."
RUN-884149,2024-03-16,Line-A,Valve-X200,Night,Op-105,1086,662,63,55.1,16,unplanned jam,"Night shift run on Line-A. Valve-X200 batch RUN-884149. Achieved 55.1% OEE against 1086 unit target. 662 units produced, 63 scrapped. Key downtime event: unplanned jam (16 min). Shift supervisor signed off."
RUN-682667,2024-10-13,Line-C,Valve-X200,Night,Op-103,1258,1000,69,74.0,62,tooling change,"Run RUN-682667: Line-C, Valve-X200, Night shift. Performance summary — Availability: 82.5%, Performance: 96.4%, Quality: 93.1%, OEE: 74.0%. Downtime cause: tooling change. Operator Op-103 reported slight vibration on feeder belt."
RUN-221660,2023-02-11,Line-D,Widget-Alpha,Day,Op-102,311,190,14,56.6,90,unplanned jam,"Day shift run on Line-D. Widget-Alpha batch RUN-221660. Achieved 56.6% OEE against 311 unit target. 190 units produced, 14 scrapped. Key downtime event: unplanned jam (90 min). Shift supervisor signed off."
RUN-198123,2023-10-18,Line-D,Valve-X200,Night,Op-105,1193,797,23,64.9,18,changeover,Production run RUN-198123 on Line-D during Night shift. Product: Valve-X200. Target output: 1193 units. Actual output: 797 units (OEE: 64.9%). Downtime: 18 minutes due to changeover. Quality rejects: 23 units. Operator: Op-105. Run completed without safety incidents.
RUN-536646,2023-09-10,Line-B,Widget-Beta,Night,Op-105,1884,1480,62,75.3,74,changeover,Production run RUN-536646 on Line-B during Night shift. Product: Widget-Beta. Target output: 1884 units. Actual output: 1480 units (OEE: 75.3%). Downtime: 74 minutes due to changeover. Quality rejects: 62 units. Operator: Op-105. Run completed without safety incidents.
RUN-261245,2023-03-25,Line-D,Widget-Alpha,Afternoon,Op-101,782,652,39,78.4,75,changeover,Production run RUN-261245 on Line-D during Afternoon shift. Product: Widget-Alpha. Target output: 782 units. Actual output: 652 units (OEE: 78.4%). Downtime: 75 minutes due to changeover. Quality rejects: 39 units. Operator: Op-101. Run completed without safety incidents.
RUN-867080,2024-08-05,Line-D,Pump-G10,Afternoon,Op-103,1416,1065,102,68.0,79,unplanned jam,"Run RUN-867080: Line-D, Pump-G10, Afternoon shift. Performance summary — Availability: 90.8%, Performance: 82.9%, Quality: 90.4%, OEE: 68.0%. Downtime cause: unplanned jam. Operator Op-103 reported one label printer jam at 14:30."
RUN-518233,2023-07-02,Line-B,Widget-Beta,Day,Op-103,861,753,34,83.5,77,unplanned jam,"Day shift run on Line-B. Widget-Beta batch RUN-518233. Achieved 83.5% OEE against 861 unit target. 753 units produced, 34 scrapped. Key downtime event: unplanned jam (77 min). Shift supervisor signed off."
RUN-226460,2024-05-17,Line-B,Pump-G10,Day,Op-101,1945,1311,78,63.4,82,tooling change,"Day shift run on Line-B. Pump-G10 batch RUN-226460. Achieved 63.4% OEE against 1945 unit target. 1311 units produced, 78 scrapped. Key downtime event: tooling change (82 min). Shift supervisor signed off."
RUN-506941,2023-10-02,Line-D,Valve-X200,Night,Op-105,468,302,19,60.5,25,unplanned jam,"Night shift run on Line-D. Valve-X200 batch RUN-506941. Achieved 60.5% OEE against 468 unit target. 302 units produced, 19 scrapped. Key downtime event: unplanned jam (25 min). Shift supervisor signed off."
RUN-809298,2024-10-25,Line-D,Widget-Alpha,Afternoon,Op-103,1457,1043,94,65.1,65,planned break,Production run RUN-809298 on Line-D during Afternoon shift. Product: Widget-Alpha. Target output: 1457 units. Actual output: 1043 units (OEE: 65.1%). Downtime: 65 minutes due to planned break. Quality rejects: 94 units. Operator: Op-103. Run completed without safety incidents.
RUN-233997,2023-11-04,Line-B,Pump-G10,Night,Op-105,371,260,2,69.4,61,planned break,"Run RUN-233997: Line-B, Pump-G10, Night shift. Performance summary — Availability: 82.0%, Performance: 85.5%, Quality: 99.0%, OEE: 69.4%. Downtime cause: planned break. Operator Op-105 reported slight vibration on feeder belt."
RUN-533082,2024-04-20,Line-B,Gear-M5,Afternoon,Op-103,1364,797,76,52.8,13,material shortage,Production run RUN-533082 on Line-B during Afternoon shift. Product: Gear-M5. Target output: 1364 units. Actual output: 797 units (OEE: 52.8%). Downtime: 13 minutes due to material shortage. Quality rejects: 76 units. Operator: Op-103. Run completed without safety incidents.
RUN-983855,2023-02-16,Line-C,Valve-X200,Afternoon,Op-105,367,258,6,68.5,59,minor stoppages,"Afternoon shift run on Line-C. Valve-X200 batch RUN-983855. Achieved 68.5% OEE against 367 unit target. 258 units produced, 6 scrapped. Key downtime event: minor stoppages (59 min). Shift supervisor signed off."
RUN-457915,2023-08-05,Line-A,Pump-G10,Night,Op-103,842,644,21,73.9,79,tooling change,Production run RUN-457915 on Line-A during Night shift. Product: Pump-G10. Target output: 842 units. Actual output: 644 units (OEE: 73.9%). Downtime: 79 minutes due to tooling change. Quality rejects: 21 units. Operator: Op-103. Run completed without safety incidents.
RUN-113950,2024-11-02,Line-B,Widget-Alpha,Night,Op-105,731,543,25,70.9,0,unplanned jam,Production run RUN-113950 on Line-B during Night shift. Product: Widget-Alpha. Target output: 731 units. Actual output: 543 units (OEE: 70.9%). Downtime: 0 minutes due to unplanned jam. Quality rejects: 25 units. Operator: Op-105. Run completed without safety incidents.
RUN-824211,2024-12-07,Line-D,Pump-G10,Night,Op-104,1979,1669,46,82.0,38,material shortage,"Run RUN-824211: Line-D, Pump-G10, Night shift. Performance summary — Availability: 90.8%, Performance: 92.9%, Quality: 97.2%, OEE: 82.0%. Downtime cause: material shortage. Operator Op-104 reported one label printer jam at 14:30."
RUN-319393,2024-10-26,Line-D,Valve-X200,Day,Op-102,476,278,27,52.8,24,tooling change,"Day shift run on Line-D. Valve-X200 batch RUN-319393. Achieved 52.8% OEE against 476 unit target. 278 units produced, 27 scrapped. Key downtime event: tooling change (24 min). Shift supervisor signed off."
RUN-274174,2024-12-20,Line-B,Widget-Beta,Afternoon,Op-105,590,425,36,66.0,54,changeover,Production run RUN-274174 on Line-B during Afternoon shift. Product: Widget-Beta. Target output: 590 units. Actual output: 425 units (OEE: 66.0%). Downtime: 54 minutes due to changeover. Quality rejects: 36 units. Operator: Op-105. Run completed without safety incidents.
RUN-153395,2023-01-09,Line-D,Pump-G10,Afternoon,Op-101,1960,1358,96,64.4,106,tooling change,"Afternoon shift run on Line-D. Pump-G10 batch RUN-153395. Achieved 64.4% OEE against 1960 unit target. 1358 units produced, 96 scrapped. Key downtime event: tooling change (106 min). Shift supervisor signed off."
RUN-609713,2024-08-28,Line-A,Pump-G10,Afternoon,Op-104,1709,1405,1,82.2,4,unplanned jam,"Run RUN-609713: Line-A, Pump-G10, Afternoon shift. Performance summary — Availability: 88.9%, Performance: 92.5%, Quality: 99.9%, OEE: 82.2%. Downtime cause: unplanned jam. Operator Op-104 reported temp spike in oven unit at 22:00."
RUN-596330,2024-05-21,Line-D,Widget-Beta,Night,Op-101,1281,858,38,64.0,34,quality hold,Production run RUN-596330 on Line-D during Night shift. Product: Widget-Beta. Target output: 1281 units. Actual output: 858 units (OEE: 64.0%). Downtime: 34 minutes due to quality hold. Quality rejects: 38 units. Operator: Op-101. Run completed without safety incidents.
RUN-716204,2023-12-14,Line-C,Pump-G10,Night,Op-104,242,176,9,69.0,56,minor stoppages,"Run RUN-716204: Line-C, Pump-G10, Night shift. Performance summary — Availability: 78.9%, Performance: 92.4%, Quality: 94.6%, OEE: 69.0%. Downtime cause: minor stoppages. Operator Op-104 reported slight vibration on feeder belt."
RUN-752048,2023-10-17,Line-D,Widget-Beta,Afternoon,Op-104,1053,912,24,84.3,101,unplanned jam,Production run RUN-752048 on Line-D during Afternoon shift. Product: Widget-Beta. Target output: 1053 units. Actual output: 912 units (OEE: 84.3%). Downtime: 101 minutes due to unplanned jam. Quality rejects: 24 units. Operator: Op-104. Run completed without safety incidents.
RUN-346120,2024-07-24,Line-A,Pump-G10,Day,Op-102,608,415,8,67.0,120,unplanned jam,Production run RUN-346120 on Line-A during Day shift. Product: Pump-G10. Target output: 608 units. Actual output: 415 units (OEE: 67.0%). Downtime: 120 minutes due to unplanned jam. Quality rejects: 8 units. Operator: Op-102. Run completed without safety incidents.
RUN-454140,2023-04-27,Line-A,Widget-Alpha,Afternoon,Op-103,931,672,10,71.1,64,changeover,"Afternoon shift run on Line-A. Widget-Alpha batch RUN-454140. Achieved 71.1% OEE against 931 unit target. 672 units produced, 10 scrapped. Key downtime event: changeover (64 min). Shift supervisor signed off."
RUN-258522,2024-06-11,Line-B,Widget-Alpha,Night,Op-102,1196,807,52,63.2,5,tooling change,"Run RUN-258522: Line-B, Widget-Alpha, Night shift. Performance summary — Availability: 81.2%, Performance: 83.2%, Quality: 93.5%, OEE: 63.2%. Downtime cause: tooling change. Operator Op-102 reported one label printer jam at 14:30."
RUN-963617,2023-02-12,Line-A,Widget-Alpha,Afternoon,Op-104,1923,1761,40,89.5,78,tooling change,"Run RUN-963617: Line-A, Widget-Alpha, Afternoon shift. Performance summary — Availability: 93.1%, Performance: 98.4%, Quality: 97.7%, OEE: 89.5%. Downtime cause: tooling change. Operator Op-104 reported no abnormal conditions."
RUN-868136,2023-06-07,Line-A,Widget-Beta,Night,Op-101,1983,1326,37,65.0,90,unplanned jam,Production run RUN-868136 on Line-A during Night shift. Product: Widget-Beta. Target output: 1983 units. Actual output: 1326 units (OEE: 65.0%). Downtime: 90 minutes due to unplanned jam. Quality rejects: 37 units. Operator: Op-101. Run completed without safety incidents.
RUN-457900,2024-06-01,Line-C,Valve-X200,Day,Op-101,1937,1519,36,76.6,0,minor stoppages,"Day shift run on Line-C. Valve-X200 batch RUN-457900. Achieved 76.6% OEE against 1937 unit target. 1519 units produced, 36 scrapped. Key downtime event: minor stoppages (0 min). Shift supervisor signed off."
RUN-925455,2023-05-22,Line-B,Widget-Alpha,Afternoon,Op-103,1664,1296,44,75.3,19,tooling change,Production run RUN-925455 on Line-B during Afternoon shift. Product: Widget-Alpha. Target output: 1664 units. Actual output: 1296 units (OEE: 75.3%). Downtime: 19 minutes due to tooling change. Quality rejects: 44 units. Operator: Op-103. Run completed without safety incidents.
RUN-852485,2023-03-13,Line-D,Pump-G10,Afternoon,Op-104,1945,1553,10,79.3,56,minor stoppages,"Run RUN-852485: Line-D, Pump-G10, Afternoon shift. Performance summary — Availability: 87.4%, Performance: 91.4%, Quality: 99.3%, OEE: 79.3%. Downtime cause: minor stoppages. Operator Op-104 reported no abnormal conditions."
RUN-702466,2024-10-08,Line-A,Valve-X200,Afternoon,Op-104,1781,1074,26,58.8,84,quality hold,Production run RUN-702466 on Line-A during Afternoon shift. Product: Valve-X200. Target output: 1781 units. Actual output: 1074 units (OEE: 58.8%). Downtime: 84 minutes due to quality hold. Quality rejects: 26 units. Operator: Op-104. Run completed without safety incidents.
RUN-653429,2023-05-31,Line-C,Pump-G10,Afternoon,Op-105,1989,1519,15,75.6,1,tooling change,"Run RUN-653429: Line-C, Pump-G10, Afternoon shift. Performance summary — Availability: 82.3%, Performance: 92.8%, Quality: 99.0%, OEE: 75.6%. Downtime cause: tooling change. Operator Op-105 reported one label printer jam at 14:30."
RUN-913066,2023-11-05,Line-D,Pump-G10,Night,Op-102,1314,1061,59,76.3,44,tooling change,Production run RUN-913066 on Line-D during Night shift. Product: Pump-G10. Target output: 1314 units. Actual output: 1061 units (OEE: 76.3%). Downtime: 44 minutes due to tooling change. Quality rejects: 59 units. Operator: Op-102. Run completed without safety incidents.
RUN-197328,2024-07-19,Line-A,Widget-Alpha,Night,Op-103,998,855,75,78.2,69,planned break,"Run RUN-197328: Line-A, Widget-Alpha, Night shift. Performance summary — Availability: 92.4%, Performance: 92.8%, Quality: 91.2%, OEE: 78.2%. Downtime cause: planned break. Operator Op-103 reported slight vibration on feeder belt."
RUN-861800,2024-06-01,Line-C,Gear-M5,Afternoon,Op-102,247,175,7,68.3,30,tooling change,"Afternoon shift run on Line-C. Gear-M5 batch RUN-861800. Achieved 68.3% OEE against 247 unit target. 175 units produced, 7 scrapped. Key downtime event: tooling change (30 min). Shift supervisor signed off."
RUN-412434,2023-01-06,Line-A,Widget-Alpha,Afternoon,Op-103,1484,1009,25,66.3,120,changeover,"Run RUN-412434: Line-A, Widget-Alpha, Afternoon shift. Performance summary — Availability: 87.2%, Performance: 78.0%, Quality: 97.5%, OEE: 66.3%. Downtime cause: changeover. Operator Op-103 reported temp spike in oven unit at 22:00."
RUN-467355,2023-10-19,Line-D,Valve-X200,Day,Op-105,1358,1220,41,86.8,108,material shortage,"Day shift run on Line-D. Valve-X200 batch RUN-467355. Achieved 86.8% OEE against 1358 unit target. 1220 units produced, 41 scrapped. Key downtime event: material shortage (108 min). Shift supervisor signed off."
RUN-253672,2024-03-11,Line-B,Pump-G10,Night,Op-102,415,306,5,72.4,46,unplanned jam,"Run RUN-253672: Line-B, Pump-G10, Night shift. Performance summary — Availability: 82.9%, Performance: 89.0%, Quality: 98.1%, OEE: 72.4%. Downtime cause: unplanned jam. Operator Op-102 reported no abnormal conditions."
RUN-716813,2024-06-15,Line-D,Widget-Alpha,Day,Op-101,1070,890,49,78.5,47,quality hold,"Run RUN-716813: Line-D, Widget-Alpha, Day shift. Performance summary — Availability: 96.3%, Performance: 86.4%, Quality: 94.4%, OEE: 78.5%. Downtime cause: quality hold. Operator Op-101 reported temp spike in oven unit at 22:00."
RUN-963829,2023-05-28,Line-D,Valve-X200,Night,Op-104,1503,1096,8,72.3,62,quality hold,Production run RUN-963829 on Line-D during Night shift. Product: Valve-X200. Target output: 1503 units. Actual output: 1096 units (OEE: 72.3%). Downtime: 62 minutes due to quality hold. Quality rejects: 8 units. Operator: Op-104. Run completed without safety incidents.
RUN-596349,2023-06-10,Line-B,Pump-G10,Night,Op-104,464,397,19,81.6,88,minor stoppages,Production run RUN-596349 on Line-B during Night shift. Product: Pump-G10. Target output: 464 units. Actual output: 397 units (OEE: 81.6%). Downtime: 88 minutes due to minor stoppages. Quality rejects: 19 units. Operator: Op-104. Run completed without safety incidents.
RUN-419736,2023-11-07,Line-C,Widget-Alpha,Night,Op-104,425,293,28,62.5,19,changeover,"Night shift run on Line-C. Widget-Alpha batch RUN-419736. Achieved 62.5% OEE against 425 unit target. 293 units produced, 28 scrapped. Key downtime event: changeover (19 min). Shift supervisor signed off."
RUN-291970,2024-05-15,Line-C,Pump-G10,Day,Op-102,491,391,2,79.3,39,planned break,"Run RUN-291970: Line-C, Pump-G10, Day shift. Performance summary — Availability: 93.8%, Performance: 85.1%, Quality: 99.3%, OEE: 79.3%. Downtime cause: planned break. Operator Op-102 reported slight vibration on feeder belt."
RUN-919304,2024-05-01,Line-A,Widget-Alpha,Night,Op-103,338,275,11,78.0,72,unplanned jam,"Night shift run on Line-A. Widget-Alpha batch RUN-919304. Achieved 78.0% OEE against 338 unit target. 275 units produced, 11 scrapped. Key downtime event: unplanned jam (72 min). Shift supervisor signed off."
RUN-506045,2024-02-09,Line-B,Widget-Beta,Night,Op-104,1759,1294,18,72.6,41,changeover,Production run RUN-506045 on Line-B during Night shift. Product: Widget-Beta. Target output: 1759 units. Actual output: 1294 units (OEE: 72.6%). Downtime: 41 minutes due to changeover. Quality rejects: 18 units. Operator: Op-104. Run completed without safety incidents.
RUN-688297,2023-05-07,Line-C,Gear-M5,Day,Op-104,1707,1075,90,57.7,3,material shortage,"Run RUN-688297: Line-C, Gear-M5, Day shift. Performance summary — Availability: 81.7%, Performance: 77.1%, Quality: 91.6%, OEE: 57.7%. Downtime cause: material shortage. Operator Op-104 reported one label printer jam at 14:30."
RUN-226126,2024-06-28,Line-A,Widget-Beta,Night,Op-105,1381,1261,60,87.0,96,unplanned jam,"Run RUN-226126: Line-A, Widget-Beta, Night shift. Performance summary — Availability: 93.2%, Performance: 98.0%, Quality: 95.2%, OEE: 87.0%. Downtime cause: unplanned jam. Operator Op-105 reported no abnormal conditions."
RUN-521315,2023-02-16,Line-B,Widget-Alpha,Afternoon,Op-102,702,633,27,86.4,10,tooling change,"Run RUN-521315: Line-B, Widget-Alpha, Afternoon shift. Performance summary — Availability: 94.9%, Performance: 95.1%, Quality: 95.7%, OEE: 86.4%. Downtime cause: tooling change. Operator Op-102 reported one label printer jam at 14:30."
RUN-204158,2023-06-22,Line-D,Widget-Alpha,Afternoon,Op-104,569,462,31,75.7,32,changeover,"Run RUN-204158: Line-D, Widget-Alpha, Afternoon shift. Performance summary — Availability: 85.0%, Performance: 95.6%, Quality: 93.1%, OEE: 75.7%. Downtime cause: changeover. Operator Op-104 reported no abnormal conditions."
RUN-290272,2024-12-31,Line-C,Widget-Beta,Day,Op-103,1773,1127,67,59.8,21,changeover,Production run RUN-290272 on Line-C during Day shift. Product: Widget-Beta. Target output: 1773 units. Actual output: 1127 units (OEE: 59.8%). Downtime: 21 minutes due to changeover. Quality rejects: 67 units. Operator: Op-103. Run completed without safety incidents.
RUN-154398,2023-09-03,Line-A,Valve-X200,Afternoon,Op-101,855,646,47,70.0,120,tooling change,Production run RUN-154398 on Line-A during Afternoon shift. Product: Valve-X200. Target output: 855 units. Actual output: 646 units (OEE: 70.0%). Downtime: 120 minutes due to tooling change. Quality rejects: 47 units. Operator: Op-101. Run completed without safety incidents.
RUN-607690,2024-02-22,Line-B,Pump-G10,Night,Op-105,988,787,53,74.3,70,unplanned jam,Production run RUN-607690 on Line-B during Night shift. Product: Pump-G10. Target output: 988 units. Actual output: 787 units (OEE: 74.3%). Downtime: 70 minutes due to unplanned jam. Quality rejects: 53 units. Operator: Op-105. Run completed without safety incidents.
RUN-695848,2024-04-01,Line-B,Widget-Alpha,Afternoon,Op-105,1400,1032,46,70.5,100,minor stoppages,"Afternoon shift run on Line-B. Widget-Alpha batch RUN-695848. Achieved 70.5% OEE against 1400 unit target. 1032 units produced, 46 scrapped. Key downtime event: minor stoppages (100 min). Shift supervisor signed off."
RUN-143822,2024-04-20,Line-A,Gear-M5,Day,Op-102,964,670,50,64.2,54,material shortage,Production run RUN-143822 on Line-A during Day shift. Product: Gear-M5. Target output: 964 units. Actual output: 670 units (OEE: 64.2%). Downtime: 54 minutes due to material shortage. Quality rejects: 50 units. Operator: Op-102. Run completed without safety incidents.
RUN-713583,2023-10-16,Line-C,Widget-Beta,Day,Op-101,1187,784,25,63.9,44,tooling change,"Run RUN-713583: Line-C, Widget-Beta, Day shift. Performance summary — Availability: 81.6%, Performance: 81.0%, Quality: 96.7%, OEE: 63.9%. Downtime cause: tooling change. Operator Op-101 reported slight vibration on feeder belt."
RUN-552945,2024-09-17,Line-A,Widget-Beta,Night,Op-105,1353,801,24,57.4,106,minor stoppages,Production run RUN-552945 on Line-A during Night shift. Product: Widget-Beta. Target output: 1353 units. Actual output: 801 units (OEE: 57.4%). Downtime: 106 minutes due to minor stoppages. Quality rejects: 24 units. Operator: Op-105. Run completed without safety incidents.
RUN-582134,2023-12-03,Line-C,Valve-X200,Night,Op-103,1741,1307,44,72.5,41,planned break,"Run RUN-582134: Line-C, Valve-X200, Night shift. Performance summary — Availability: 92.0%, Performance: 81.6%, Quality: 96.6%, OEE: 72.5%. Downtime cause: planned break. Operator Op-103 reported slight vibration on feeder belt."
RUN-899502,2024-07-05,Line-A,Widget-Beta,Night,Op-101,1446,1206,39,80.7,52,material shortage,"Night shift run on Line-A. Widget-Beta batch RUN-899502. Achieved 80.7% OEE against 1446 unit target. 1206 units produced, 39 scrapped. Key downtime event: material shortage (52 min). Shift supervisor signed off."
RUN-505537,2024-12-14,Line-A,Widget-Alpha,Night,Op-101,1904,1543,135,73.9,104,unplanned jam,Production run RUN-505537 on Line-A during Night shift. Product: Widget-Alpha. Target output: 1904 units. Actual output: 1543 units (OEE: 73.9%). Downtime: 104 minutes due to unplanned jam. Quality rejects: 135 units. Operator: Op-101. Run completed without safety incidents.
RUN-300814,2024-09-20,Line-A,Widget-Alpha,Afternoon,Op-103,595,409,40,62.1,35,quality hold,Production run RUN-300814 on Line-A during Afternoon shift. Product: Widget-Alpha. Target output: 595 units. Actual output: 409 units (OEE: 62.1%). Downtime: 35 minutes due to quality hold. Quality rejects: 40 units. Operator: Op-103. Run completed without safety incidents.
RUN-305611,2024-02-10,Line-C,Widget-Beta,Day,Op-104,943,621,18,63.9,77,minor stoppages,"Run RUN-305611: Line-C, Widget-Beta, Day shift. Performance summary — Availability: 75.9%, Performance: 86.8%, Quality: 97.0%, OEE: 63.9%. Downtime cause: minor stoppages. Operator Op-104 reported no abnormal conditions."
RUN-168535,2023-05-12,Line-A,Valve-X200,Night,Op-105,1211,763,20,61.3,86,quality hold,"Run RUN-168535: Line-A, Valve-X200, Night shift. Performance summary — Availability: 79.1%, Performance: 79.7%, Quality: 97.3%, OEE: 61.3%. Downtime cause: quality hold. Operator Op-105 reported slight vibration on feeder belt."
RUN-826648,2024-06-29,Line-A,Widget-Beta,Afternoon,Op-105,1952,1376,31,68.9,24,tooling change,"Run RUN-826648: Line-A, Widget-Beta, Afternoon shift. Performance summary — Availability: 80.5%, Performance: 87.6%, Quality: 97.7%, OEE: 68.9%. Downtime cause: tooling change. Operator Op-105 reported no abnormal conditions."
RUN-985356,2023-10-08,Line-C,Gear-M5,Afternoon,Op-101,1074,947,89,79.8,120,planned break,"Afternoon shift run on Line-C. Gear-M5 batch RUN-985356. Achieved 79.8% OEE against 1074 unit target. 947 units produced, 89 scrapped. Key downtime event: planned break (120 min). Shift supervisor signed off."
RUN-658272,2023-11-20,Line-A,Gear-M5,Afternoon,Op-104,940,624,18,64.5,6,planned break,"Afternoon shift run on Line-A. Gear-M5 batch RUN-658272. Achieved 64.5% OEE against 940 unit target. 624 units produced, 18 scrapped. Key downtime event: planned break (6 min). Shift supervisor signed off."
RUN-178056,2023-07-21,Line-A,Pump-G10,Day,Op-103,367,332,0,90.5,28,quality hold,Production run RUN-178056 on Line-A during Day shift. Product: Pump-G10. Target output: 367 units. Actual output: 332 units (OEE: 90.5%). Downtime: 28 minutes due to quality hold. Quality rejects: 0 units. Operator: Op-103. Run completed without safety incidents.
RUN-981336,2023-09-11,Line-B,Valve-X200,Afternoon,Op-101,1482,1009,57,64.2,3,material shortage,"Afternoon shift run on Line-B. Valve-X200 batch RUN-981336. Achieved 64.2% OEE against 1482 unit target. 1009 units produced, 57 scrapped. Key downtime event: material shortage (3 min). Shift supervisor signed off."
RUN-901215,2024-10-02,Line-A,Pump-G10,Day,Op-103,1904,1205,25,62.0,120,changeover,Production run RUN-901215 on Line-A during Day shift. Product: Pump-G10. Target output: 1904 units. Actual output: 1205 units (OEE: 62.0%). Downtime: 120 minutes due to changeover. Quality rejects: 25 units. Operator: Op-103. Run completed without safety incidents.
RUN-165014,2023-02-26,Line-D,Gear-M5,Day,Op-101,324,264,3,80.6,88,changeover,"Day shift run on Line-D. Gear-M5 batch RUN-165014. Achieved 80.6% OEE against 324 unit target. 264 units produced, 3 scrapped. Key downtime event: changeover (88 min). Shift supervisor signed off."
RUN-200485,2024-02-25,Line-C,Gear-M5,Night,Op-104,334,197,18,53.4,108,unplanned jam,"Run RUN-200485: Line-C, Gear-M5, Night shift. Performance summary — Availability: 77.4%, Performance: 76.3%, Quality: 90.5%, OEE: 53.4%. Downtime cause: unplanned jam. Operator Op-104 reported temp spike in oven unit at 22:00."
RUN-456113,2024-11-22,Line-B,Gear-M5,Night,Op-105,221,163,9,69.7,79,material shortage,"Run RUN-456113: Line-B, Gear-M5, Night shift. Performance summary — Availability: 85.9%, Performance: 86.1%, Quality: 94.2%, OEE: 69.7%. Downtime cause: material shortage. Operator Op-105 reported no abnormal conditions."
RUN-701056,2024-10-14,Line-A,Pump-G10,Night,Op-103,1403,865,35,59.2,8,material shortage,Production run RUN-701056 on Line-A during Night shift. Product: Pump-G10. Target output: 1403 units. Actual output: 865 units (OEE: 59.2%). Downtime: 8 minutes due to material shortage. Quality rejects: 35 units. Operator: Op-103. Run completed without safety incidents.
RUN-426806,2024-03-22,Line-C,Valve-X200,Afternoon,Op-104,1684,1203,103,65.3,5,changeover,"Run RUN-426806: Line-C, Valve-X200, Afternoon shift. Performance summary — Availability: 89.9%, Performance: 79.5%, Quality: 91.4%, OEE: 65.3%. Downtime cause: changeover. Operator Op-104 reported slight vibration on feeder belt."
RUN-642827,2024-11-04,Line-C,Valve-X200,Night,Op-105,1788,1211,48,65.0,37,planned break,"Run RUN-642827: Line-C, Valve-X200, Night shift. Performance summary — Availability: 78.5%, Performance: 86.3%, Quality: 96.0%, OEE: 65.0%. Downtime cause: planned break. Operator Op-105 reported no abnormal conditions."
RUN-923408,2023-12-16,Line-B,Widget-Alpha,Day,Op-105,1877,1704,98,85.6,25,minor stoppages,Production run RUN-923408 on Line-B during Day shift. Product: Widget-Alpha. Target output: 1877 units. Actual output: 1704 units (OEE: 85.6%). Downtime: 25 minutes due to minor stoppages. Quality rejects: 98 units. Operator: Op-105. Run completed without safety incidents.
RUN-539033,2023-06-16,Line-B,Pump-G10,Night,Op-104,1428,1247,54,83.5,42,material shortage,"Night shift run on Line-B. Pump-G10 batch RUN-539033. Achieved 83.5% OEE against 1428 unit target. 1247 units produced, 54 scrapped. Key downtime event: material shortage (42 min). Shift supervisor signed off."
RUN-350629,2023-12-06,Line-A,Pump-G10,Day,Op-104,649,569,17,85.0,59,material shortage,"Day shift run on Line-A. Pump-G10 batch RUN-350629. Achieved 85.0% OEE against 649 unit target. 569 units produced, 17 scrapped. Key downtime event: material shortage (59 min). Shift supervisor signed off."
RUN-249319,2024-03-26,Line-D,Widget-Beta,Afternoon,Op-102,1891,1563,145,75.0,3,material shortage,"Afternoon shift run on Line-D. Widget-Beta batch RUN-249319. Achieved 75.0% OEE against 1891 unit target. 1563 units produced, 145 scrapped. Key downtime event: material shortage (3 min). Shift supervisor signed off."
RUN-456324,2023-09-09,Line-B,Gear-M5,Afternoon,Op-101,260,169,13,60.2,33,quality hold,"Run RUN-456324: Line-B, Gear-M5, Afternoon shift. Performance summary — Availability: 79.8%, Performance: 81.8%, Quality: 92.2%, OEE: 60.2%. Downtime cause: quality hold. Operator Op-101 reported slight vibration on feeder belt."
RUN-454820,2023-11-09,Line-B,Widget-Beta,Day,Op-102,1926,1211,21,61.8,17,unplanned jam,Production run RUN-454820 on Line-B during Day shift. Product: Widget-Beta. Target output: 1926 units. Actual output: 1211 units (OEE: 61.8%). Downtime: 17 minutes due to unplanned jam. Quality rejects: 21 units. Operator: Op-102. Run completed without safety incidents.
RUN-224249,2023-05-14,Line-D,Widget-Beta,Afternoon,Op-103,1553,1076,22,67.8,79,unplanned jam,Production run RUN-224249 on Line-D during Afternoon shift. Product: Widget-Beta. Target output: 1553 units. Actual output: 1076 units (OEE: 67.8%). Downtime: 79 minutes due to unplanned jam. Quality rejects: 22 units. Operator: Op-103. Run completed without safety incidents.
RUN-995940,2023-10-29,Line-B,Widget-Beta,Night,Op-104,1622,1218,3,74.9,31,changeover,"Run RUN-995940: Line-B, Widget-Beta, Night shift. Performance summary — Availability: 84.0%, Performance: 89.4%, Quality: 99.7%, OEE: 74.9%. Downtime cause: changeover. Operator Op-104 reported slight vibration on feeder belt."
RUN-862627,2024-04-26,Line-B,Valve-X200,Day,Op-101,1489,1343,21,88.8,74,unplanned jam,Production run RUN-862627 on Line-B during Day shift. Product: Valve-X200. Target output: 1489 units. Actual output: 1343 units (OEE: 88.8%). Downtime: 74 minutes due to unplanned jam. Quality rejects: 21 units. Operator: Op-101. Run completed without safety incidents.
RUN-437456,2024-01-18,Line-A,Widget-Beta,Night,Op-104,1738,1554,97,83.8,66,unplanned jam,"Run RUN-437456: Line-A, Widget-Beta, Night shift. Performance summary — Availability: 96.2%, Performance: 93.0%, Quality: 93.7%, OEE: 83.8%. Downtime cause: unplanned jam. Operator Op-104 reported slight vibration on feeder belt."
RUN-312861,2023-08-29,Line-D,Pump-G10,Afternoon,Op-103,1390,1141,47,78.7,4,minor stoppages,"Afternoon shift run on Line-D. Pump-G10 batch RUN-312861. Achieved 78.7% OEE against 1390 unit target. 1141 units produced, 47 scrapped. Key downtime event: minor stoppages (4 min). Shift supervisor signed off."
RUN-888133,2023-10-30,Line-D,Widget-Beta,Afternoon,Op-104,972,840,52,81.0,70,changeover,Production run RUN-888133 on Line-D during Afternoon shift. Product: Widget-Beta. Target output: 972 units. Actual output: 840 units (OEE: 81.0%). Downtime: 70 minutes due to changeover. Quality rejects: 52 units. Operator: Op-104. Run completed without safety incidents.
RUN-528818,2024-05-24,Line-D,Gear-M5,Afternoon,Op-102,1395,925,61,61.9,57,unplanned jam,"Afternoon shift run on Line-D. Gear-M5 batch RUN-528818. Achieved 61.9% OEE against 1395 unit target. 925 units produced, 61 scrapped. Key downtime event: unplanned jam (57 min). Shift supervisor signed off."
RUN-983533,2024-06-09,Line-C,Valve-X200,Afternoon,Op-101,567,395,36,63.3,115,changeover,"Run RUN-983533: Line-C, Valve-X200, Afternoon shift. Performance summary — Availability: 85.6%, Performance: 81.4%, Quality: 90.8%, OEE: 63.3%. Downtime cause: changeover. Operator Op-101 reported one label printer jam at 14:30."
RUN-362168,2024-11-30,Line-A,Valve-X200,Day,Op-101,442,257,20,53.6,25,quality hold,"Day shift run on Line-A. Valve-X200 batch RUN-362168. Achieved 53.6% OEE against 442 unit target. 257 units produced, 20 scrapped. Key downtime event: quality hold (25 min). Shift supervisor signed off."
RUN-907483,2023-10-16,Line-C,Widget-Beta,Night,Op-105,482,444,11,89.7,116,planned break,"Night shift run on Line-C. Widget-Beta batch RUN-907483. Achieved 89.7% OEE against 482 unit target. 444 units produced, 11 scrapped. Key downtime event: planned break (116 min). Shift supervisor signed off."
RUN-338633,2023-08-03,Line-C,Pump-G10,Afternoon,Op-105,1751,1370,67,74.4,97,minor stoppages,Production run RUN-338633 on Line-C during Afternoon shift. Product: Pump-G10. Target output: 1751 units. Actual output: 1370 units (OEE: 74.4%). Downtime: 97 minutes due to minor stoppages. Quality rejects: 67 units. Operator: Op-105. Run completed without safety incidents.
RUN-428282,2024-03-15,Line-D,Widget-Beta,Night,Op-105,1809,1376,26,74.7,43,tooling change,Production run RUN-428282 on Line-D during Night shift. Product: Widget-Beta. Target output: 1809 units. Actual output: 1376 units (OEE: 74.7%). Downtime: 43 minutes due to tooling change. Quality rejects: 26 units. Operator: Op-105. Run completed without safety incidents.
RUN-624078,2023-12-30,Line-D,Widget-Beta,Afternoon,Op-104,1946,1445,62,71.1,16,planned break,"Run RUN-624078: Line-D, Widget-Beta, Afternoon shift. Performance summary — Availability: 88.4%, Performance: 84.0%, Quality: 95.7%, OEE: 71.1%. Downtime cause: planned break. Operator Op-104 reported no abnormal conditions."
RUN-695148,2023-05-23,Line-C,Widget-Beta,Afternoon,Op-104,1604,1393,44,84.1,38,planned break,Production run RUN-695148 on Line-C during Afternoon shift. Product: Widget-Beta. Target output: 1604 units. Actual output: 1393 units (OEE: 84.1%). Downtime: 38 minutes due to planned break. Quality rejects: 44 units. Operator: Op-104. Run completed without safety incidents.
RUN-297487,2023-04-22,Line-B,Valve-X200,Night,Op-105,1444,1082,67,70.3,50,changeover,"Night shift run on Line-B. Valve-X200 batch RUN-297487. Achieved 70.3% OEE against 1444 unit target. 1082 units produced, 67 scrapped. Key downtime event: changeover (50 min). Shift supervisor signed off."
RUN-128142,2023-07-23,Line-C,Gear-M5,Afternoon,Op-103,390,281,23,66.2,105,quality hold,Production run RUN-128142 on Line-C during Afternoon shift. Product: Gear-M5. Target output: 390 units. Actual output: 281 units (OEE: 66.2%). Downtime: 105 minutes due to quality hold. Quality rejects: 23 units. Operator: Op-103. Run completed without safety incidents.
RUN-280172,2024-02-25,Line-A,Pump-G10,Afternoon,Op-102,677,486,26,67.9,47,material shortage,"Afternoon shift run on Line-A. Pump-G10 batch RUN-280172. Achieved 67.9% OEE against 677 unit target. 486 units produced, 26 scrapped. Key downtime event: material shortage (47 min). Shift supervisor signed off."
RUN-236243,2023-11-14,Line-D,Widget-Beta,Day,Op-102,1298,1023,62,74.1,115,tooling change,Production run RUN-236243 on Line-D during Day shift. Product: Widget-Beta. Target output: 1298 units. Actual output: 1023 units (OEE: 74.1%). Downtime: 115 minutes due to tooling change. Quality rejects: 62 units. Operator: Op-102. Run completed without safety incidents.
RUN-311500,2023-05-27,Line-D,Pump-G10,Day,Op-105,1377,1196,59,82.5,87,unplanned jam,Production run RUN-311500 on Line-D during Day shift. Product: Pump-G10. Target output: 1377 units. Actual output: 1196 units (OEE: 82.5%). Downtime: 87 minutes due to unplanned jam. Quality rejects: 59 units. Operator: Op-105. Run completed without safety incidents.
RUN-704118,2023-04-04,Line-D,Widget-Alpha,Afternoon,Op-105,1853,1242,54,64.1,62,unplanned jam,Production run RUN-704118 on Line-D during Afternoon shift. Product: Widget-Alpha. Target output: 1853 units. Actual output: 1242 units (OEE: 64.1%). Downtime: 62 minutes due to unplanned jam. Quality rejects: 54 units. Operator: Op-105. Run completed without safety incidents.
RUN-580067,2024-11-05,Line-C,Pump-G10,Afternoon,Op-103,1000,846,70,77.6,31,minor stoppages,"Afternoon shift run on Line-C. Pump-G10 batch RUN-580067. Achieved 77.6% OEE against 1000 unit target. 846 units produced, 70 scrapped. Key downtime event: minor stoppages (31 min). Shift supervisor signed off."
RUN-799040,2024-12-15,Line-B,Gear-M5,Day,Op-104,1630,1286,18,77.8,35,quality hold,Production run RUN-799040 on Line-B during Day shift. Product: Gear-M5. Target output: 1630 units. Actual output: 1286 units (OEE: 77.8%). Downtime: 35 minutes due to quality hold. Quality rejects: 18 units. Operator: Op-104. Run completed without safety incidents.
RUN-530016,2023-06-18,Line-B,Pump-G10,Afternoon,Op-105,448,340,30,69.1,98,tooling change,"Afternoon shift run on Line-B. Pump-G10 batch RUN-530016. Achieved 69.1% OEE against 448 unit target. 340 units produced, 30 scrapped. Key downtime event: tooling change (98 min). Shift supervisor signed off."
RUN-882193,2023-07-19,Line-C,Widget-Beta,Night,Op-101,1146,782,25,66.0,59,unplanned jam,"Night shift run on Line-C. Widget-Beta batch RUN-882193. Achieved 66.0% OEE against 1146 unit target. 782 units produced, 25 scrapped. Key downtime event: unplanned jam (59 min). Shift supervisor signed off."
RUN-171551,2024-07-15,Line-D,Widget-Alpha,Day,Op-103,434,312,10,69.6,59,unplanned jam,Production run RUN-171551 on Line-D during Day shift. Product: Widget-Alpha. Target output: 434 units. Actual output: 312 units (OEE: 69.6%). Downtime: 59 minutes due to unplanned jam. Quality rejects: 10 units. Operator: Op-103. Run completed without safety incidents.
RUN-408433,2024-07-01,Line-B,Pump-G10,Day,Op-104,1880,1211,20,63.4,77,changeover,Production run RUN-408433 on Line-B during Day shift. Product: Pump-G10. Target output: 1880 units. Actual output: 1211 units (OEE: 63.4%). Downtime: 77 minutes due to changeover. Quality rejects: 20 units. Operator: Op-104. Run completed without safety incidents.
RUN-563531,2023-02-18,Line-D,Widget-Beta,Day,Op-101,1587,1108,90,64.1,91,changeover,"Run RUN-563531: Line-D, Widget-Beta, Day shift. Performance summary — Availability: 81.6%, Performance: 85.6%, Quality: 91.8%, OEE: 64.1%. Downtime cause: changeover. Operator Op-101 reported slight vibration on feeder belt."
RUN-492843,2023-07-24,Line-A,Pump-G10,Night,Op-103,1109,635,15,55.9,98,minor stoppages,Production run RUN-492843 on Line-A during Night shift. Product: Pump-G10. Target output: 1109 units. Actual output: 635 units (OEE: 55.9%). Downtime: 98 minutes due to minor stoppages. Quality rejects: 15 units. Operator: Op-103. Run completed without safety incidents.
RUN-859181,2023-02-15,Line-A,Widget-Alpha,Afternoon,Op-101,229,151,5,63.9,28,changeover,Production run RUN-859181 on Line-A during Afternoon shift. Product: Widget-Alpha. Target output: 229 units. Actual output: 151 units (OEE: 63.9%). Downtime: 28 minutes due to changeover. Quality rejects: 5 units. Operator: Op-101. Run completed without safety incidents.
RUN-226672,2023-08-07,Line-D,Gear-M5,Day,Op-103,860,605,47,64.8,69,unplanned jam,Production run RUN-226672 on Line-D during Day shift. Product: Gear-M5. Target output: 860 units. Actual output: 605 units (OEE: 64.8%). Downtime: 69 minutes due to unplanned jam. Quality rejects: 47 units. Operator: Op-103. Run completed without safety incidents.
RUN-789922,2024-10-27,Line-A,Valve-X200,Afternoon,Op-102,230,160,9,65.7,58,minor stoppages,"Afternoon shift run on Line-A. Valve-X200 batch RUN-789922. Achieved 65.7% OEE against 230 unit target. 160 units produced, 9 scrapped. Key downtime event: minor stoppages (58 min). Shift supervisor signed off."
RUN-364178,2024-09-06,Line-C,Widget-Alpha,Day,Op-102,1041,764,2,73.3,13,quality hold,Production run RUN-364178 on Line-C during Day shift. Product: Widget-Alpha. Target output: 1041 units. Actual output: 764 units (OEE: 73.3%). Downtime: 13 minutes due to quality hold. Quality rejects: 2 units. Operator: Op-102. Run completed without safety incidents.
RUN-170793,2023-01-19,Line-C,Pump-G10,Night,Op-102,880,650,20,71.5,108,quality hold,"Night shift run on Line-C. Pump-G10 batch RUN-170793. Achieved 71.5% OEE against 880 unit target. 650 units produced, 20 scrapped. Key downtime event: quality hold (108 min). Shift supervisor signed off."
RUN-423851,2024-03-14,Line-D,Pump-G10,Night,Op-102,1231,1082,83,81.2,78,tooling change,Production run RUN-423851 on Line-D during Night shift. Product: Pump-G10. Target output: 1231 units. Actual output: 1082 units (OEE: 81.2%). Downtime: 78 minutes due to tooling change. Quality rejects: 83 units. Operator: Op-102. Run completed without safety incidents.
RUN-349628,2024-09-04,Line-B,Gear-M5,Day,Op-101,481,331,28,63.1,26,quality hold,"Run RUN-349628: Line-B, Gear-M5, Day shift. Performance summary — Availability: 84.0%, Performance: 82.1%, Quality: 91.5%, OEE: 63.1%. Downtime cause: quality hold. Operator Op-101 reported no abnormal conditions."
RUN-887009,2023-08-23,Line-D,Valve-X200,Day,Op-103,850,716,34,80.3,53,quality hold,Production run RUN-887009 on Line-D during Day shift. Product: Valve-X200. Target output: 850 units. Actual output: 716 units (OEE: 80.3%). Downtime: 53 minutes due to quality hold. Quality rejects: 34 units. Operator: Op-103. Run completed without safety incidents.
RUN-737600,2024-06-17,Line-C,Valve-X200,Day,Op-102,1304,965,1,73.9,102,quality hold,"Day shift run on Line-C. Valve-X200 batch RUN-737600. Achieved 73.9% OEE against 1304 unit target. 965 units produced, 1 scrapped. Key downtime event: quality hold (102 min). Shift supervisor signed off."
RUN-231660,2023-06-27,Line-C,Widget-Beta,Afternoon,Op-101,332,244,19,67.6,81,minor stoppages,Production run RUN-231660 on Line-C during Afternoon shift. Product: Widget-Beta. Target output: 332 units. Actual output: 244 units (OEE: 67.6%). Downtime: 81 minutes due to minor stoppages. Quality rejects: 19 units. Operator: Op-101. Run completed without safety incidents.
RUN-735281,2023-11-07,Line-B,Widget-Beta,Night,Op-101,1072,817,23,74.0,31,unplanned jam,Production run RUN-735281 on Line-B during Night shift. Product: Widget-Beta. Target output: 1072 units. Actual output: 817 units (OEE: 74.0%). Downtime: 31 minutes due to unplanned jam. Quality rejects: 23 units. Operator: Op-101. Run completed without safety incidents.
RUN-275915,2024-03-27,Line-C,Gear-M5,Afternoon,Op-102,756,625,3,82.3,46,unplanned jam,"Afternoon shift run on Line-C. Gear-M5 batch RUN-275915. Achieved 82.3% OEE against 756 unit target. 625 units produced, 3 scrapped. Key downtime event: unplanned jam (46 min). Shift supervisor signed off."
RUN-995528,2023-11-04,Line-D,Gear-M5,Night,Op-104,1757,1353,70,73.0,97,unplanned jam,Production run RUN-995528 on Line-D during Night shift. Product: Gear-M5. Target output: 1757 units. Actual output: 1353 units (OEE: 73.0%). Downtime: 97 minutes due to unplanned jam. Quality rejects: 70 units. Operator: Op-104. Run completed without safety incidents.
RUN-175434,2023-05-20,Line-B,Gear-M5,Night,Op-102,726,502,36,64.2,71,material shortage,"Night shift run on Line-B. Gear-M5 batch RUN-175434. Achieved 64.2% OEE against 726 unit target. 502 units produced, 36 scrapped. Key downtime event: material shortage (71 min). Shift supervisor signed off."
RUN-513820,2024-01-18,Line-D,Widget-Beta,Day,Op-102,208,136,3,63.7,62,unplanned jam,"Run RUN-513820: Line-D, Widget-Beta, Day shift. Performance summary — Availability: 75.3%, Performance: 87.0%, Quality: 97.2%, OEE: 63.7%. Downtime cause: unplanned jam. Operator Op-102 reported temp spike in oven unit at 22:00."
RUN-303663,2023-09-19,Line-D,Pump-G10,Afternoon,Op-105,345,222,1,63.8,49,material shortage,"Afternoon shift run on Line-D. Pump-G10 batch RUN-303663. Achieved 63.8% OEE against 345 unit target. 222 units produced, 1 scrapped. Key downtime event: material shortage (49 min). Shift supervisor signed off."
RUN-354125,2023-02-05,Line-C,Gear-M5,Night,Op-104,1500,1258,45,80.9,118,unplanned jam,"Night shift run on Line-C. Gear-M5 batch RUN-354125. Achieved 80.9% OEE against 1500 unit target. 1258 units produced, 45 scrapped. Key downtime event: unplanned jam (118 min). Shift supervisor signed off."
RUN-112936,2023-04-05,Line-C,Widget-Alpha,Night,Op-102,735,642,54,80.0,31,material shortage,Production run RUN-112936 on Line-C during Night shift. Product: Widget-Alpha. Target output: 735 units. Actual output: 642 units (OEE: 80.0%). Downtime: 31 minutes due to material shortage. Quality rejects: 54 units. Operator: Op-102. Run completed without safety incidents.
RUN-825443,2024-05-27,Line-D,Pump-G10,Night,Op-105,364,252,14,65.5,106,unplanned jam,"Night shift run on Line-D. Pump-G10 batch RUN-825443. Achieved 65.5% OEE against 364 unit target. 252 units produced, 14 scrapped. Key downtime event: unplanned jam (106 min). Shift supervisor signed off."
RUN-953779,2023-10-03,Line-D,Gear-M5,Afternoon,Op-104,1741,1546,140,80.7,81,material shortage,Production run RUN-953779 on Line-D during Afternoon shift. Product: Gear-M5. Target output: 1741 units. Actual output: 1546 units (OEE: 80.7%). Downtime: 81 minutes due to material shortage. Quality rejects: 140 units. Operator: Op-104. Run completed without safety incidents.
RUN-650462,2024-11-01,Line-B,Pump-G10,Night,Op-103,213,198,19,84.0,8,tooling change,"Night shift run on Line-B. Pump-G10 batch RUN-650462. Achieved 84.0% OEE against 213 unit target. 198 units produced, 19 scrapped. Key downtime event: tooling change (8 min). Shift supervisor signed off."
RUN-694639,2023-07-10,Line-C,Pump-G10,Day,Op-102,967,601,31,58.9,64,changeover,Production run RUN-694639 on Line-C during Day shift. Product: Pump-G10. Target output: 967 units. Actual output: 601 units (OEE: 58.9%). Downtime: 64 minutes due to changeover. Quality rejects: 31 units. Operator: Op-102. Run completed without safety incidents.
RUN-767349,2023-03-23,Line-B,Widget-Alpha,Night,Op-102,1857,1405,15,74.8,52,unplanned jam,Production run RUN-767349 on Line-B during Night shift. Product: Widget-Alpha. Target output: 1857 units. Actual output: 1405 units (OEE: 74.8%). Downtime: 52 minutes due to unplanned jam. Quality rejects: 15 units. Operator: Op-102. Run completed without safety incidents.
RUN-109968,2023-09-30,Line-C,Widget-Alpha,Afternoon,Op-101,766,443,34,53.5,62,quality hold,Production run RUN-109968 on Line-C during Afternoon shift. Product: Widget-Alpha. Target output: 766 units. Actual output: 443 units (OEE: 53.5%). Downtime: 62 minutes due to quality hold. Quality rejects: 34 units. Operator: Op-101. Run completed without safety incidents.
RUN-596219,2024-09-10,Line-A,Gear-M5,Day,Op-101,632,415,16,63.2,97,planned break,"Day shift run on Line-A. Gear-M5 batch RUN-596219. Achieved 63.2% OEE against 632 unit target. 415 units produced, 16 scrapped. Key downtime event: planned break (97 min). Shift supervisor signed off."
RUN-473323,2023-04-13,Line-D,Valve-X200,Afternoon,Op-103,845,780,26,89.2,48,material shortage,"Afternoon shift run on Line-D. Valve-X200 batch RUN-473323. Achieved 89.2% OEE against 845 unit target. 780 units produced, 26 scrapped. Key downtime event: material shortage (48 min). Shift supervisor signed off."
RUN-833232,2024-01-13,Line-A,Pump-G10,Night,Op-104,1685,1557,151,83.5,15,tooling change,Production run RUN-833232 on Line-A during Night shift. Product: Pump-G10. Target output: 1685 units. Actual output: 1557 units (OEE: 83.5%). Downtime: 15 minutes due to tooling change. Quality rejects: 151 units. Operator: Op-104. Run completed without safety incidents.
RUN-117438,2024-01-04,Line-D,Gear-M5,Night,Op-104,1254,846,1,67.4,120,tooling change,"Run RUN-117438: Line-D, Gear-M5, Night shift. Performance summary — Availability: 84.9%, Performance: 79.5%, Quality: 99.8%, OEE: 67.4%. Downtime cause: tooling change. Operator Op-104 reported one label printer jam at 14:30."
RUN-599250,2024-12-17,Line-A,Valve-X200,Night,Op-104,678,513,20,72.8,10,planned break,"Run RUN-599250: Line-A, Valve-X200, Night shift. Performance summary — Availability: 89.6%, Performance: 84.6%, Quality: 96.1%, OEE: 72.8%. Downtime cause: planned break. Operator Op-104 reported temp spike in oven unit at 22:00."
RUN-234072,2023-03-31,Line-A,Pump-G10,Afternoon,Op-105,599,529,6,87.2,100,tooling change,"Afternoon shift run on Line-A. Pump-G10 batch RUN-234072. Achieved 87.2% OEE against 599 unit target. 529 units produced, 6 scrapped. Key downtime event: tooling change (100 min). Shift supervisor signed off."
RUN-889842,2024-12-17,Line-C,Gear-M5,Afternoon,Op-102,1113,943,43,80.9,31,minor stoppages,"Run RUN-889842: Line-C, Gear-M5, Afternoon shift. Performance summary — Availability: 97.9%, Performance: 86.6%, Quality: 95.4%, OEE: 80.9%. Downtime cause: minor stoppages. Operator Op-102 reported slight vibration on feeder belt."
RUN-798281,2024-11-17,Line-A,Widget-Alpha,Afternoon,Op-101,528,425,26,75.6,35,minor stoppages,"Afternoon shift run on Line-A. Widget-Alpha batch RUN-798281. Achieved 75.6% OEE against 528 unit target. 425 units produced, 26 scrapped. Key downtime event: minor stoppages (35 min). Shift supervisor signed off."
RUN-775268,2024-01-22,Line-A,Widget-Beta,Night,Op-104,385,300,23,72.0,73,tooling change,"Night shift run on Line-A. Widget-Beta batch RUN-775268. Achieved 72.0% OEE against 385 unit target. 300 units produced, 23 scrapped. Key downtime event: tooling change (73 min). Shift supervisor signed off."
RUN-880788,2024-08-09,Line-D,Gear-M5,Afternoon,Op-102,657,437,38,60.7,43,quality hold,Production run RUN-880788 on Line-D during Afternoon shift. Product: Gear-M5. Target output: 657 units. Actual output: 437 units (OEE: 60.7%). Downtime: 43 minutes due to quality hold. Quality rejects: 38 units. Operator: Op-102. Run completed without safety incidents.
RUN-544280,2024-01-09,Line-C,Widget-Beta,Afternoon,Op-104,1381,1056,44,73.3,24,tooling change,"Afternoon shift run on Line-C. Widget-Beta batch RUN-544280. Achieved 73.3% OEE against 1381 unit target. 1056 units produced, 44 scrapped. Key downtime event: tooling change (24 min). Shift supervisor signed off."
RUN-955793,2023-08-13,Line-B,Gear-M5,Night,Op-105,1409,956,44,64.7,58,planned break,"Night shift run on Line-B. Gear-M5 batch RUN-955793. Achieved 64.7% OEE against 1409 unit target. 956 units produced, 44 scrapped. Key downtime event: planned break (58 min). Shift supervisor signed off."
RUN-423896,2024-12-06,Line-D,Pump-G10,Day,Op-105,780,557,11,69.9,89,changeover,"Run RUN-423896: Line-D, Pump-G10, Day shift. Performance summary — Availability: 78.5%, Performance: 91.0%, Quality: 97.9%, OEE: 69.9%. Downtime cause: changeover. Operator Op-105 reported one label printer jam at 14:30."
RUN-260119,2023-08-04,Line-A,Valve-X200,Night,Op-105,1179,851,60,67.1,48,changeover,"Run RUN-260119: Line-A, Valve-X200, Night shift. Performance summary — Availability: 90.1%, Performance: 80.2%, Quality: 92.9%, OEE: 67.1%. Downtime cause: changeover. Operator Op-105 reported one label printer jam at 14:30."
RUN-674559,2023-12-12,Line-B,Widget-Alpha,Day,Op-104,1689,1405,49,80.3,108,minor stoppages,"Day shift run on Line-B. Widget-Alpha batch RUN-674559. Achieved 80.3% OEE against 1689 unit target. 1405 units produced, 49 scrapped. Key downtime event: minor stoppages (108 min). Shift supervisor signed off."
RUN-202046,2023-11-28,Line-D,Pump-G10,Afternoon,Op-104,1000,708,50,65.8,118,minor stoppages,Production run RUN-202046 on Line-D during Afternoon shift. Product: Pump-G10. Target output: 1000 units. Actual output: 708 units (OEE: 65.8%). Downtime: 118 minutes due to minor stoppages. Quality rejects: 50 units. Operator: Op-104. Run completed without safety incidents.
RUN-943430,2023-07-20,Line-A,Valve-X200,Afternoon,Op-102,1382,992,70,66.7,18,minor stoppages,"Run RUN-943430: Line-A, Valve-X200, Afternoon shift. Performance summary — Availability: 78.3%, Performance: 91.7%, Quality: 92.9%, OEE: 66.7%. Downtime cause: minor stoppages. Operator Op-102 reported slight vibration on feeder belt."
RUN-159067,2023-12-31,Line-A,Valve-X200,Night,Op-105,408,367,31,82.5,54,quality hold,Production run RUN-159067 on Line-A during Night shift. Product: Valve-X200. Target output: 408 units. Actual output: 367 units (OEE: 82.5%). Downtime: 54 minutes due to quality hold. Quality rejects: 31 units. Operator: Op-105. Run completed without safety incidents.
RUN-356902,2023-05-02,Line-D,Widget-Beta,Day,Op-101,1255,1014,4,80.5,80,quality hold,Production run RUN-356902 on Line-D during Day shift. Product: Widget-Beta. Target output: 1255 units. Actual output: 1014 units (OEE: 80.5%). Downtime: 80 minutes due to quality hold. Quality rejects: 4 units. Operator: Op-101. Run completed without safety incidents.
RUN-915509,2024-10-27,Line-B,Pump-G10,Afternoon,Op-103,1608,1135,29,68.8,99,quality hold,"Afternoon shift run on Line-B. Pump-G10 batch RUN-915509. Achieved 68.8% OEE against 1608 unit target. 1135 units produced, 29 scrapped. Key downtime event: quality hold (99 min). Shift supervisor signed off."
RUN-124145,2024-08-09,Line-D,Valve-X200,Night,Op-104,952,557,49,53.4,82,quality hold,"Run RUN-124145: Line-D, Valve-X200, Night shift. Performance summary — Availability: 75.3%, Performance: 77.8%, Quality: 91.2%, OEE: 53.4%. Downtime cause: quality hold. Operator Op-104 reported slight vibration on feeder belt."
RUN-699180,2023-04-12,Line-D,Valve-X200,Night,Op-101,1826,1371,1,75.0,89,unplanned jam,Production run RUN-699180 on Line-D during Night shift. Product: Valve-X200. Target output: 1826 units. Actual output: 1371 units (OEE: 75.0%). Downtime: 89 minutes due to unplanned jam. Quality rejects: 1 units. Operator: Op-101. Run completed without safety incidents.
RUN-167037,2024-08-21,Line-C,Widget-Alpha,Night,Op-105,578,449,27,73.0,104,material shortage,"Run RUN-167037: Line-C, Widget-Alpha, Night shift. Performance summary — Availability: 84.7%, Performance: 91.8%, Quality: 93.9%, OEE: 73.0%. Downtime cause: material shortage. Operator Op-105 reported temp spike in oven unit at 22:00."
RUN-229022,2023-05-12,Line-A,Widget-Beta,Night,Op-101,570,500,49,79.1,57,tooling change,Production run RUN-229022 on Line-A during Night shift. Product: Widget-Beta. Target output: 570 units. Actual output: 500 units (OEE: 79.1%). Downtime: 57 minutes due to tooling change. Quality rejects: 49 units. Operator: Op-101. Run completed without safety incidents.
RUN-670873,2024-03-09,Line-B,Widget-Beta,Day,Op-105,725,524,1,72.1,64,planned break,Production run RUN-670873 on Line-B during Day shift. Product: Widget-Beta. Target output: 725 units. Actual output: 524 units (OEE: 72.1%). Downtime: 64 minutes due to planned break. Quality rejects: 1 units. Operator: Op-105. Run completed without safety incidents.
RUN-828866,2024-06-19,Line-A,Widget-Beta,Afternoon,Op-101,1263,1001,47,75.6,17,material shortage,"Afternoon shift run on Line-A. Widget-Beta batch RUN-828866. Achieved 75.6% OEE against 1263 unit target. 1001 units produced, 47 scrapped. Key downtime event: material shortage (17 min). Shift supervisor signed off."
RUN-414267,2023-05-18,Line-C,Gear-M5,Night,Op-105,629,523,50,75.2,4,minor stoppages,Production run RUN-414267 on Line-C during Night shift. Product: Gear-M5. Target output: 629 units. Actual output: 523 units (OEE: 75.2%). Downtime: 4 minutes due to minor stoppages. Quality rejects: 50 units. Operator: Op-105. Run completed without safety incidents.
RUN-519492,2023-03-27,Line-B,Gear-M5,Afternoon,Op-103,463,364,16,75.1,33,unplanned jam,"Afternoon shift run on Line-B. Gear-M5 batch RUN-519492. Achieved 75.1% OEE against 463 unit target. 364 units produced, 16 scrapped. Key downtime event: unplanned jam (33 min). Shift supervisor signed off."
RUN-849149,2024-07-31,Line-C,Pump-G10,Night,Op-102,1297,933,68,66.7,81,quality hold,"Night shift run on Line-C. Pump-G10 batch RUN-849149. Achieved 66.7% OEE against 1297 unit target. 933 units produced, 68 scrapped. Key downtime event: quality hold (81 min). Shift supervisor signed off."
RUN-657286,2024-12-01,Line-B,Pump-G10,Day,Op-103,1813,1170,46,62.0,9,planned break,Production run RUN-657286 on Line-B during Day shift. Product: Pump-G10. Target output: 1813 units. Actual output: 1170 units (OEE: 62.0%). Downtime: 9 minutes due to planned break. Quality rejects: 46 units. Operator: Op-103. Run completed without safety incidents.
RUN-110342,2024-01-22,Line-D,Widget-Alpha,Afternoon,Op-101,943,855,73,82.9,102,minor stoppages,Production run RUN-110342 on Line-D during Afternoon shift. Product: Widget-Alpha. Target output: 943 units. Actual output: 855 units (OEE: 82.9%). Downtime: 102 minutes due to minor stoppages. Quality rejects: 73 units. Operator: Op-101. Run completed without safety incidents.
RUN-654654,2024-12-18,Line-B,Pump-G10,Day,Op-101,559,470,19,80.6,103,unplanned jam,"Day shift run on Line-B. Pump-G10 batch RUN-654654. Achieved 80.6% OEE against 559 unit target. 470 units produced, 19 scrapped. Key downtime event: unplanned jam (103 min). Shift supervisor signed off."
RUN-945241,2024-11-25,Line-C,Gear-M5,Afternoon,Op-105,402,306,1,75.9,49,minor stoppages,"Run RUN-945241: Line-C, Gear-M5, Afternoon shift. Performance summary — Availability: 96.5%, Performance: 79.1%, Quality: 99.4%, OEE: 75.9%. Downtime cause: minor stoppages. Operator Op-105 reported one label printer jam at 14:30."
RUN-695130,2023-10-01,Line-D,Pump-G10,Night,Op-102,730,479,40,60.1,16,minor stoppages,"Run RUN-695130: Line-D, Pump-G10, Night shift. Performance summary — Availability: 75.2%, Performance: 87.3%, Quality: 91.5%, OEE: 60.1%. Downtime cause: minor stoppages. Operator Op-102 reported temp spike in oven unit at 22:00."
RUN-626625,2023-10-10,Line-A,Valve-X200,Night,Op-102,1588,1309,107,75.7,45,tooling change,"Night shift run on Line-A. Valve-X200 batch RUN-626625. Achieved 75.7% OEE against 1588 unit target. 1309 units produced, 107 scrapped. Key downtime event: tooling change (45 min). Shift supervisor signed off."
RUN-765506,2023-03-20,Line-D,Gear-M5,Night,Op-102,825,574,40,64.7,98,planned break,Production run RUN-765506 on Line-D during Night shift. Product: Gear-M5. Target output: 825 units. Actual output: 574 units (OEE: 64.7%). Downtime: 98 minutes due to planned break. Quality rejects: 40 units. Operator: Op-102. Run completed without safety incidents.
RUN-544579,2024-06-04,Line-B,Widget-Alpha,Day,Op-105,317,199,1,62.6,103,tooling change,"Run RUN-544579: Line-B, Widget-Alpha, Day shift. Performance summary — Availability: 77.0%, Performance: 81.9%, Quality: 99.2%, OEE: 62.6%. Downtime cause: tooling change. Operator Op-105 reported no abnormal conditions."
RUN-971783,2023-01-08,Line-B,Pump-G10,Afternoon,Op-105,1603,1528,47,92.4,51,changeover,"Run RUN-971783: Line-B, Pump-G10, Afternoon shift. Performance summary — Availability: 99.0%, Performance: 96.3%, Quality: 96.9%, OEE: 92.4%. Downtime cause: changeover. Operator Op-105 reported slight vibration on feeder belt."
RUN-736877,2023-06-22,Line-D,Gear-M5,Night,Op-103,700,629,5,89.1,112,material shortage,"Night shift run on Line-D. Gear-M5 batch RUN-736877. Achieved 89.1% OEE against 700 unit target. 629 units produced, 5 scrapped. Key downtime event: material shortage (112 min). Shift supervisor signed off."
