inspection_id,date,product,batch_id,inspector,total_units,defective_units,defect_rate_pct,defect_type,disposition,cp,cpk,description,corrective_action
QI-112426,2023-01-18,Widget-Beta,BATCH-90808,QA-01 (John Lee),241,1,0.41,Dimensional deviation,Hold for review,1.42,1.22,"Batch BATCH-90808 of Widget-Beta inspected by QA-01 (John Lee). Dimensional deviation found in 1 of 241 units (0.4%). Disposition: Hold for review. Corrective action initiated: Adjusted feed rate on CNC-3. Process Cp: 1.42, Cpk: 1.22. Control chart shows bimodal distribution — two machines suspected.",Adjusted feed rate on CNC-3
QI-301255,2024-09-26,Gear-M5,BATCH-33496,QA-03 (Mike Torres),58,4,6.9,Material void,Scrap,1.61,1.41,"Batch BATCH-33496 of Gear-M5 inspected by QA-03 (Mike Torres). Material void found in 4 of 58 units (6.9%). Disposition: Scrap. Corrective action initiated: Calibrated CMM probe. Process Cp: 1.61, Cpk: 1.41. Control chart shows stable within control limits.",Calibrated CMM probe
QI-785491,2024-10-27,Gear-M5,BATCH-70161,QA-02 (Sara Novak),457,25,5.47,Material void,Scrap,0.88,0.59,In-process inspection at Station 4 flagged Gear-M5 batch BATCH-70161. 25/457 units exhibited Material void. Inspector QA-02 (Sara Novak) escalated to QA supervisor. Containment: Replaced worn cutting insert. Root cause investigation opened under NCR-NCR-84055.,Replaced worn cutting insert
QI-693343,2023-04-08,Widget-Alpha,BATCH-32463,QA-01 (John Lee),243,17,7.0,Assembly gap,Hold for review,1.28,1.09,Final inspection of Widget-Alpha (batch BATCH-32463). Overall yield: 93.0%. Assembly gap accounted for majority of rejects. Measurement data logged to SPC system. Disposition: Hold for review. Inspector: QA-01 (John Lee).,Updated inspection sampling plan
QI-288066,2023-11-19,Gear-M5,BATCH-16102,QA-01 (John Lee),494,44,8.91,Dimensional deviation,Rework,1.69,1.55,Final inspection of Gear-M5 (batch BATCH-16102). Overall yield: 91.1%. Dimensional deviation accounted for majority of rejects. Measurement data logged to SPC system. Disposition: Rework. Inspector: QA-01 (John Lee).,Calibrated CMM probe
QI-892313,2023-05-24,Widget-Alpha,BATCH-83919,QA-01 (John Lee),435,25,5.75,Coating defect,Rework,1.73,1.64,In-process inspection at Station 7 flagged Widget-Alpha batch BATCH-83919. 25/435 units exhibited Coating defect. Inspector QA-01 (John Lee) escalated to QA supervisor. Containment: Calibrated CMM probe. Root cause investigation opened under NCR-NCR-41519.,Calibrated CMM probe
QI-921609,2024-04-06,Widget-Alpha,BATCH-54642,QA-03 (Mike Torres),77,1,1.3,Weight out of spec,Scrap,1.24,0.99,"Batch BATCH-54642 of Widget-Alpha inspected by QA-03 (Mike Torres). Weight out of spec found in 1 of 77 units (1.3%). Disposition: Scrap. Corrective action initiated: Retrained operator on torque spec. Process Cp: 1.24, Cpk: 0.99. Control chart shows one-point-out-of-control signal at subgroup 12.",Retrained operator on torque spec
QI-186023,2023-10-02,Pump-G10,BATCH-21232,QA-01 (John Lee),271,5,1.85,Material void,Hold for review,1.48,1.28,Final inspection of Pump-G10 (batch BATCH-21232). Overall yield: 98.2%. Material void accounted for majority of rejects. Measurement data logged to SPC system. Disposition: Hold for review. Inspector: QA-01 (John Lee).,Replaced worn cutting insert
QI-238943,2023-03-31,Widget-Beta,BATCH-10680,QA-02 (Sara Novak),428,24,5.61,Weight out of spec,Rework,1.12,1.09,In-process inspection at Station 8 flagged Widget-Beta batch BATCH-10680. 24/428 units exhibited Weight out of spec. Inspector QA-02 (Sara Novak) escalated to QA supervisor. Containment: Retrained operator on torque spec. Root cause investigation opened under NCR-NCR-50405.,Retrained operator on torque spec
QI-533911,2024-02-02,Widget-Beta,BATCH-88240,QA-02 (Sara Novak),102,0,0.0,Assembly gap,Hold for review,0.89,0.72,"Batch BATCH-88240 of Widget-Beta inspected by QA-02 (Sara Novak). Assembly gap found in 0 of 102 units (0.0%). Disposition: Hold for review. Corrective action initiated: Updated inspection sampling plan. Process Cp: 0.89, Cpk: 0.72. Control chart shows one-point-out-of-control signal at subgroup 12.",Updated inspection sampling plan
QI-166340,2023-06-21,Widget-Alpha,BATCH-28198,QA-03 (Mike Torres),342,33,9.65,Coating defect,Rework,0.97,0.86,In-process inspection at Station 5 flagged Widget-Alpha batch BATCH-28198. 33/342 units exhibited Coating defect. Inspector QA-03 (Mike Torres) escalated to QA supervisor. Containment: Retrained operator on torque spec. Root cause investigation opened under NCR-NCR-45247.,Retrained operator on torque spec
QI-580102,2023-04-20,Pump-G10,BATCH-42321,QA-02 (Sara Novak),297,25,8.42,Assembly gap,Scrap,0.88,0.8,Final inspection of Pump-G10 (batch BATCH-42321). Overall yield: 91.6%. Assembly gap accounted for majority of rejects. Measurement data logged to SPC system. Disposition: Scrap. Inspector: QA-02 (Sara Novak).,Calibrated CMM probe
QI-436241,2024-09-09,Widget-Beta,BATCH-67700,QA-02 (Sara Novak),220,19,8.64,Surface scratch,Hold for review,1.18,0.92,"Batch BATCH-67700 of Widget-Beta inspected by QA-02 (Sara Novak). Surface scratch found in 19 of 220 units (8.6%). Disposition: Hold for review. Corrective action initiated: Calibrated CMM probe. Process Cp: 1.18, Cpk: 0.92. Control chart shows one-point-out-of-control signal at subgroup 12.",Calibrated CMM probe
QI-956156,2024-02-07,Widget-Beta,BATCH-74357,QA-02 (Sara Novak),253,10,3.95,Material void,Rework,1.09,0.88,In-process inspection at Station 4 flagged Widget-Beta batch BATCH-74357. 10/253 units exhibited Material void. Inspector QA-02 (Sara Novak) escalated to QA supervisor. Containment: Retrained operator on torque spec. Root cause investigation opened under NCR-NCR-85481.,Retrained operator on torque spec
QI-958747,2024-02-23,Valve-X200,BATCH-13527,QA-01 (John Lee),353,34,9.63,Coating defect,Rework,0.98,0.75,In-process inspection at Station 4 flagged Valve-X200 batch BATCH-13527. 34/353 units exhibited Coating defect. Inspector QA-01 (John Lee) escalated to QA supervisor. Containment: Updated inspection sampling plan. Root cause investigation opened under NCR-NCR-70505.,Updated inspection sampling plan
QI-660324,2024-06-02,Pump-G10,BATCH-59412,QA-01 (John Lee),173,8,4.62,Weight out of spec,Scrap,1.46,1.25,In-process inspection at Station 8 flagged Pump-G10 batch BATCH-59412. 8/173 units exhibited Weight out of spec. Inspector QA-01 (John Lee) escalated to QA supervisor. Containment: Calibrated CMM probe. Root cause investigation opened under NCR-NCR-19694.,Calibrated CMM probe
QI-690579,2024-10-22,Pump-G10,BATCH-24335,QA-03 (Mike Torres),409,34,8.31,Surface scratch,Scrap,1.39,1.12,Final inspection of Pump-G10 (batch BATCH-24335). Overall yield: 91.7%. Surface scratch accounted for majority of rejects. Measurement data logged to SPC system. Disposition: Scrap. Inspector: QA-03 (Mike Torres).,Replaced worn cutting insert
QI-585556,2024-11-26,Pump-G10,BATCH-77999,QA-02 (Sara Novak),55,0,0.0,Assembly gap,Accept,1.06,0.91,In-process inspection at Station 4 flagged Pump-G10 batch BATCH-77999. 0/55 units exhibited Assembly gap. Inspector QA-02 (Sara Novak) escalated to QA supervisor. Containment: Updated inspection sampling plan. Root cause investigation opened under NCR-NCR-83137.,Updated inspection sampling plan
QI-577450,2023-07-31,Gear-M5,BATCH-21253,QA-03 (Mike Torres),226,0,0.0,Coating defect,Rework,1.28,1.19,In-process inspection at Station 3 flagged Gear-M5 batch BATCH-21253. 0/226 units exhibited Coating defect. Inspector QA-03 (Mike Torres) escalated to QA supervisor. Containment: Retrained operator on torque spec. Root cause investigation opened under NCR-NCR-25213.,Retrained operator on torque spec
QI-779445,2023-04-22,Gear-M5,BATCH-18804,QA-02 (Sara Novak),99,7,7.07,Material void,Hold for review,1.52,1.38,"Batch BATCH-18804 of Gear-M5 inspected by QA-02 (Sara Novak). Material void found in 7 of 99 units (7.1%). Disposition: Hold for review. Corrective action initiated: Adjusted feed rate on CNC-3. Process Cp: 1.52, Cpk: 1.38. Control chart shows one-point-out-of-control signal at subgroup 12.",Adjusted feed rate on CNC-3
QI-514798,2023-01-30,Widget-Beta,BATCH-70562,QA-03 (Mike Torres),332,10,3.01,Dimensional deviation,Rework,1.13,1.0,"Batch BATCH-70562 of Widget-Beta inspected by QA-03 (Mike Torres). Dimensional deviation found in 10 of 332 units (3.0%). Disposition: Rework. Corrective action initiated: Replaced worn cutting insert. Process Cp: 1.13, Cpk: 1.00. Control chart shows bimodal distribution — two machines suspected.",Replaced worn cutting insert
QI-441819,2023-07-21,Gear-M5,BATCH-18200,QA-01 (John Lee),249,0,0.0,Assembly gap,Hold for review,1.5,1.44,"Batch BATCH-18200 of Gear-M5 inspected by QA-01 (John Lee). Assembly gap found in 0 of 249 units (0.0%). Disposition: Hold for review. Corrective action initiated: Calibrated CMM probe. Process Cp: 1.50, Cpk: 1.44. Control chart shows one-point-out-of-control signal at subgroup 12.",Calibrated CMM probe
QI-953266,2024-11-20,Pump-G10,BATCH-86939,QA-01 (John Lee),320,20,6.25,Material void,Hold for review,1.4,1.22,In-process inspection at Station 6 flagged Pump-G10 batch BATCH-86939. 20/320 units exhibited Material void. Inspector QA-01 (John Lee) escalated to QA supervisor. Containment: Retrained operator on torque spec. Root cause investigation opened under NCR-NCR-24972.,Retrained operator on torque spec
QI-538555,2024-09-02,Valve-X200,BATCH-25328,QA-03 (Mike Torres),394,8,2.03,Coating defect,Accept,1.11,1.04,Final inspection of Valve-X200 (batch BATCH-25328). Overall yield: 98.0%. Coating defect accounted for majority of rejects. Measurement data logged to SPC system. Disposition: Accept. Inspector: QA-03 (Mike Torres).,Replaced worn cutting insert
QI-296187,2023-11-19,Widget-Beta,BATCH-94575,QA-03 (Mike Torres),145,7,4.83,Assembly gap,Hold for review,1.44,1.23,In-process inspection at Station 3 flagged Widget-Beta batch BATCH-94575. 7/145 units exhibited Assembly gap. Inspector QA-03 (Mike Torres) escalated to QA supervisor. Containment: Updated inspection sampling plan. Root cause investigation opened under NCR-NCR-32706.,Updated inspection sampling plan
QI-535820,2024-12-28,Pump-G10,BATCH-83607,QA-03 (Mike Torres),54,3,5.56,Surface scratch,Scrap,0.94,0.7,Final inspection of Pump-G10 (batch BATCH-83607). Overall yield: 94.4%. Surface scratch accounted for majority of rejects. Measurement data logged to SPC system. Disposition: Scrap. Inspector: QA-03 (Mike Torres).,Updated inspection sampling plan
QI-918665,2024-04-13,Pump-G10,BATCH-14285,QA-02 (Sara Novak),339,1,0.29,Dimensional deviation,Accept,1.6,1.53,In-process inspection at Station 4 flagged Pump-G10 batch BATCH-14285. 1/339 units exhibited Dimensional deviation. Inspector QA-02 (Sara Novak) escalated to QA supervisor. Containment: Calibrated CMM probe. Root cause investigation opened under NCR-NCR-46025.,Calibrated CMM probe
QI-545807,2023-04-15,Gear-M5,BATCH-58085,QA-03 (Mike Torres),343,7,2.04,Assembly gap,Accept,1.07,0.91,Final inspection of Gear-M5 (batch BATCH-58085). Overall yield: 98.0%. Assembly gap accounted for majority of rejects. Measurement data logged to SPC system. Disposition: Accept. Inspector: QA-03 (Mike Torres).,Updated inspection sampling plan
QI-845279,2024-09-16,Widget-Beta,BATCH-25386,QA-02 (Sara Novak),184,11,5.98,Surface scratch,Hold for review,1.66,1.63,Final inspection of Widget-Beta (batch BATCH-25386). Overall yield: 94.0%. Surface scratch accounted for majority of rejects. Measurement data logged to SPC system. Disposition: Hold for review. Inspector: QA-02 (Sara Novak).,Calibrated CMM probe
QI-439375,2024-12-21,Pump-G10,BATCH-84720,QA-01 (John Lee),451,13,2.88,Coating defect,Rework,1.61,1.37,Final inspection of Pump-G10 (batch BATCH-84720). Overall yield: 97.1%. Coating defect accounted for majority of rejects. Measurement data logged to SPC system. Disposition: Rework. Inspector: QA-01 (John Lee).,Calibrated CMM probe
QI-835499,2023-05-16,Valve-X200,BATCH-22481,QA-02 (Sara Novak),489,32,6.54,Coating defect,Scrap,1.79,1.59,In-process inspection at Station 7 flagged Valve-X200 batch BATCH-22481. 32/489 units exhibited Coating defect. Inspector QA-02 (Sara Novak) escalated to QA supervisor. Containment: Adjusted feed rate on CNC-3. Root cause investigation opened under NCR-NCR-27771.,Adjusted feed rate on CNC-3
QI-179184,2024-10-10,Widget-Beta,BATCH-74154,QA-01 (John Lee),474,15,3.16,Weight out of spec,Scrap,1.56,1.36,In-process inspection at Station 5 flagged Widget-Beta batch BATCH-74154. 15/474 units exhibited Weight out of spec. Inspector QA-01 (John Lee) escalated to QA supervisor. Containment: Updated inspection sampling plan. Root cause investigation opened under NCR-NCR-28634.,Updated inspection sampling plan
QI-991401,2023-03-06,Widget-Alpha,BATCH-86278,QA-02 (Sara Novak),405,23,5.68,Coating defect,Scrap,1.25,1.1,Final inspection of Widget-Alpha (batch BATCH-86278). Overall yield: 94.3%. Coating defect accounted for majority of rejects. Measurement data logged to SPC system. Disposition: Scrap. Inspector: QA-02 (Sara Novak).,Updated inspection sampling plan
QI-815707,2023-02-19,Gear-M5,BATCH-47171,QA-02 (Sara Novak),472,13,2.75,Dimensional deviation,Hold for review,1.29,1.19,In-process inspection at Station 3 flagged Gear-M5 batch BATCH-47171. 13/472 units exhibited Dimensional deviation. Inspector QA-02 (Sara Novak) escalated to QA supervisor. Containment: Calibrated CMM probe. Root cause investigation opened under NCR-NCR-54270.,Calibrated CMM probe
QI-781571,2023-11-06,Widget-Alpha,BATCH-69836,QA-01 (John Lee),58,0,0.0,Weight out of spec,Hold for review,1.73,1.68,Final inspection of Widget-Alpha (batch BATCH-69836). Overall yield: 100.0%. Weight out of spec accounted for majority of rejects. Measurement data logged to SPC system. Disposition: Hold for review. Inspector: QA-01 (John Lee).,Replaced worn cutting insert
QI-550081,2024-11-02,Widget-Beta,BATCH-31695,QA-02 (Sara Novak),178,2,1.12,Surface scratch,Scrap,1.17,0.9,Final inspection of Widget-Beta (batch BATCH-31695). Overall yield: 98.9%. Surface scratch accounted for majority of rejects. Measurement data logged to SPC system. Disposition: Scrap. Inspector: QA-02 (Sara Novak).,Retrained operator on torque spec
QI-956800,2023-05-04,Widget-Alpha,BATCH-78084,QA-03 (Mike Torres),159,15,9.43,Surface scratch,Accept,0.88,0.7,"Batch BATCH-78084 of Widget-Alpha inspected by QA-03 (Mike Torres). Surface scratch found in 15 of 159 units (9.4%). Disposition: Accept. Corrective action initiated: Adjusted feed rate on CNC-3. Process Cp: 0.88, Cpk: 0.70. Control chart shows one-point-out-of-control signal at subgroup 12.",Adjusted feed rate on CNC-3
QI-501312,2023-05-17,Pump-G10,BATCH-23425,QA-03 (Mike Torres),86,3,3.49,Dimensional deviation,Hold for review,1.18,0.96,In-process inspection at Station 6 flagged Pump-G10 batch BATCH-23425. 3/86 units exhibited Dimensional deviation. Inspector QA-03 (Mike Torres) escalated to QA supervisor. Containment: Retrained operator on torque spec. Root cause investigation opened under NCR-NCR-23526.,Retrained operator on torque spec
QI-327797,2023-03-30,Widget-Beta,BATCH-92323,QA-01 (John Lee),362,10,2.76,Coating defect,Accept,1.24,1.02,Final inspection of Widget-Beta (batch BATCH-92323). Overall yield: 97.2%. Coating defect accounted for majority of rejects. Measurement data logged to SPC system. Disposition: Accept. Inspector: QA-01 (John Lee).,Calibrated CMM probe
QI-916808,2024-12-08,Widget-Alpha,BATCH-46302,QA-01 (John Lee),229,13,5.68,Surface scratch,Hold for review,1.11,1.07,Final inspection of Widget-Alpha (batch BATCH-46302). Overall yield: 94.3%. Surface scratch accounted for majority of rejects. Measurement data logged to SPC system. Disposition: Hold for review. Inspector: QA-01 (John Lee).,Replaced worn cutting insert
QI-623850,2024-10-15,Widget-Alpha,BATCH-17152,QA-03 (Mike Torres),315,12,3.81,Material void,Rework,1.55,1.46,"Batch BATCH-17152 of Widget-Alpha inspected by QA-03 (Mike Torres). Material void found in 12 of 315 units (3.8%). Disposition: Rework. Corrective action initiated: Updated inspection sampling plan. Process Cp: 1.55, Cpk: 1.46. Control chart shows stable within control limits.",Updated inspection sampling plan
QI-899776,2024-04-27,Gear-M5,BATCH-84498,QA-01 (John Lee),234,10,4.27,Coating defect,Accept,0.93,0.67,Final inspection of Gear-M5 (batch BATCH-84498). Overall yield: 95.7%. Coating defect accounted for majority of rejects. Measurement data logged to SPC system. Disposition: Accept. Inspector: QA-01 (John Lee).,Calibrated CMM probe
QI-835901,2024-02-16,Widget-Alpha,BATCH-62163,QA-01 (John Lee),57,2,3.51,Coating defect,Accept,1.02,0.74,In-process inspection at Station 5 flagged Widget-Alpha batch BATCH-62163. 2/57 units exhibited Coating defect. Inspector QA-01 (John Lee) escalated to QA supervisor. Containment: Calibrated CMM probe. Root cause investigation opened under NCR-NCR-76402.,Calibrated CMM probe
QI-425236,2024-12-16,Widget-Alpha,BATCH-36633,QA-03 (Mike Torres),192,2,1.04,Coating defect,Rework,1.11,0.96,Final inspection of Widget-Alpha (batch BATCH-36633). Overall yield: 99.0%. Coating defect accounted for majority of rejects. Measurement data logged to SPC system. Disposition: Rework. Inspector: QA-03 (Mike Torres).,Updated inspection sampling plan
QI-225245,2023-01-13,Pump-G10,BATCH-90254,QA-03 (Mike Torres),175,2,1.14,Dimensional deviation,Accept,1.72,1.69,Final inspection of Pump-G10 (batch BATCH-90254). Overall yield: 98.9%. Dimensional deviation accounted for majority of rejects. Measurement data logged to SPC system. Disposition: Accept. Inspector: QA-03 (Mike Torres).,Retrained operator on torque spec
QI-868538,2023-05-01,Widget-Beta,BATCH-43980,QA-03 (Mike Torres),304,30,9.87,Surface scratch,Rework,1.15,0.99,Final inspection of Widget-Beta (batch BATCH-43980). Overall yield: 90.1%. Surface scratch accounted for majority of rejects. Measurement data logged to SPC system. Disposition: Rework. Inspector: QA-03 (Mike Torres).,Replaced worn cutting insert
QI-158132,2024-05-26,Widget-Alpha,BATCH-92251,QA-02 (Sara Novak),318,4,1.26,Assembly gap,Scrap,1.06,0.77,Final inspection of Widget-Alpha (batch BATCH-92251). Overall yield: 98.7%. Assembly gap accounted for majority of rejects. Measurement data logged to SPC system. Disposition: Scrap. Inspector: QA-02 (Sara Novak).,Updated inspection sampling plan
QI-148215,2024-04-28,Gear-M5,BATCH-25117,QA-01 (John Lee),180,3,1.67,Material void,Rework,1.69,1.49,"Batch BATCH-25117 of Gear-M5 inspected by QA-01 (John Lee). Material void found in 3 of 180 units (1.7%). Disposition: Rework. Corrective action initiated: Adjusted feed rate on CNC-3. Process Cp: 1.69, Cpk: 1.49. Control chart shows stable within control limits.",Adjusted feed rate on CNC-3
QI-855276,2023-11-24,Valve-X200,BATCH-95944,QA-02 (Sara Novak),489,2,0.41,Dimensional deviation,Rework,1.35,1.08,"Batch BATCH-95944 of Valve-X200 inspected by QA-02 (Sara Novak). Dimensional deviation found in 2 of 489 units (0.4%). Disposition: Rework. Corrective action initiated: Retrained operator on torque spec. Process Cp: 1.35, Cpk: 1.08. Control chart shows bimodal distribution — two machines suspected.",Retrained operator on torque spec
QI-396020,2023-11-15,Valve-X200,BATCH-39253,QA-01 (John Lee),111,8,7.21,Coating defect,Scrap,1.47,1.45,"Batch BATCH-39253 of Valve-X200 inspected by QA-01 (John Lee). Coating defect found in 8 of 111 units (7.2%). Disposition: Scrap. Corrective action initiated: Updated inspection sampling plan. Process Cp: 1.47, Cpk: 1.45. Control chart shows bimodal distribution — two machines suspected.",Updated inspection sampling plan
QI-910143,2023-07-20,Valve-X200,BATCH-49834,QA-01 (John Lee),54,2,3.7,Coating defect,Hold for review,1.0,0.83,In-process inspection at Station 4 flagged Valve-X200 batch BATCH-49834. 2/54 units exhibited Coating defect. Inspector QA-01 (John Lee) escalated to QA supervisor. Containment: Updated inspection sampling plan. Root cause investigation opened under NCR-NCR-91620.,Updated inspection sampling plan
QI-208998,2023-07-30,Gear-M5,BATCH-11257,QA-01 (John Lee),259,0,0.0,Dimensional deviation,Accept,1.03,0.93,Final inspection of Gear-M5 (batch BATCH-11257). Overall yield: 100.0%. Dimensional deviation accounted for majority of rejects. Measurement data logged to SPC system. Disposition: Accept. Inspector: QA-01 (John Lee).,Updated inspection sampling plan
QI-708982,2023-04-08,Gear-M5,BATCH-40339,QA-01 (John Lee),80,2,2.5,Assembly gap,Hold for review,1.51,1.48,In-process inspection at Station 7 flagged Gear-M5 batch BATCH-40339. 2/80 units exhibited Assembly gap. Inspector QA-01 (John Lee) escalated to QA supervisor. Containment: Retrained operator on torque spec. Root cause investigation opened under NCR-NCR-78125.,Retrained operator on torque spec
QI-433507,2024-04-08,Gear-M5,BATCH-41034,QA-01 (John Lee),88,0,0.0,Weight out of spec,Hold for review,1.23,0.94,In-process inspection at Station 5 flagged Gear-M5 batch BATCH-41034. 0/88 units exhibited Weight out of spec. Inspector QA-01 (John Lee) escalated to QA supervisor. Containment: Retrained operator on torque spec. Root cause investigation opened under NCR-NCR-48230.,Retrained operator on torque spec
QI-907756,2023-08-01,Valve-X200,BATCH-68925,QA-01 (John Lee),119,9,7.56,Surface scratch,Rework,0.91,0.88,"Batch BATCH-68925 of Valve-X200 inspected by QA-01 (John Lee). Surface scratch found in 9 of 119 units (7.6%). Disposition: Rework. Corrective action initiated: Updated inspection sampling plan. Process Cp: 0.91, Cpk: 0.88. Control chart shows one-point-out-of-control signal at subgroup 12.",Updated inspection sampling plan
QI-195643,2024-12-29,Pump-G10,BATCH-49874,QA-02 (Sara Novak),486,7,1.44,Assembly gap,Scrap,0.89,0.65,In-process inspection at Station 1 flagged Pump-G10 batch BATCH-49874. 7/486 units exhibited Assembly gap. Inspector QA-02 (Sara Novak) escalated to QA supervisor. Containment: Replaced worn cutting insert. Root cause investigation opened under NCR-NCR-89076.,Replaced worn cutting insert
QI-199326,2024-04-18,Widget-Beta,BATCH-14073,QA-02 (Sara Novak),396,19,4.8,Assembly gap,Accept,1.06,0.76,Final inspection of Widget-Beta (batch BATCH-14073). Overall yield: 95.2%. Assembly gap accounted for majority of rejects. Measurement data logged to SPC system. Disposition: Accept. Inspector: QA-02 (Sara Novak).,Calibrated CMM probe
QI-952227,2023-03-18,Widget-Alpha,BATCH-58790,QA-01 (John Lee),81,3,3.7,Surface scratch,Accept,0.93,0.68,Final inspection of Widget-Alpha (batch BATCH-58790). Overall yield: 96.3%. Surface scratch accounted for majority of rejects. Measurement data logged to SPC system. Disposition: Accept. Inspector: QA-01 (John Lee).,Calibrated CMM probe
QI-701761,2024-03-19,Widget-Alpha,BATCH-53456,QA-01 (John Lee),464,8,1.72,Dimensional deviation,Hold for review,0.89,0.64,"Batch BATCH-53456 of Widget-Alpha inspected by QA-01 (John Lee). Dimensional deviation found in 8 of 464 units (1.7%). Disposition: Hold for review. Corrective action initiated: Updated inspection sampling plan. Process Cp: 0.89, Cpk: 0.64. Control chart shows stable within control limits.",Updated inspection sampling plan
QI-743937,2024-09-26,Pump-G10,BATCH-34530,QA-02 (Sara Novak),399,27,6.77,Surface scratch,Hold for review,0.97,0.91,"Batch BATCH-34530 of Pump-G10 inspected by QA-02 (Sara Novak). Surface scratch found in 27 of 399 units (6.8%). Disposition: Hold for review. Corrective action initiated: Updated inspection sampling plan. Process Cp: 0.97, Cpk: 0.91. Control chart shows upward drift suggesting tool wear.",Updated inspection sampling plan
QI-773870,2024-06-22,Gear-M5,BATCH-21497,QA-01 (John Lee),305,13,4.26,Weight out of spec,Scrap,1.68,1.54,In-process inspection at Station 7 flagged Gear-M5 batch BATCH-21497. 13/305 units exhibited Weight out of spec. Inspector QA-01 (John Lee) escalated to QA supervisor. Containment: Replaced worn cutting insert. Root cause investigation opened under NCR-NCR-46670.,Replaced worn cutting insert
QI-127329,2023-11-23,Widget-Beta,BATCH-73527,QA-03 (Mike Torres),245,22,8.98,Coating defect,Accept,1.16,1.0,In-process inspection at Station 6 flagged Widget-Beta batch BATCH-73527. 22/245 units exhibited Coating defect. Inspector QA-03 (Mike Torres) escalated to QA supervisor. Containment: Updated inspection sampling plan. Root cause investigation opened under NCR-NCR-55093.,Updated inspection sampling plan
QI-379473,2024-06-30,Gear-M5,BATCH-40508,QA-01 (John Lee),79,7,8.86,Surface scratch,Scrap,1.33,1.1,Final inspection of Gear-M5 (batch BATCH-40508). Overall yield: 91.1%. Surface scratch accounted for majority of rejects. Measurement data logged to SPC system. Disposition: Scrap. Inspector: QA-01 (John Lee).,Replaced worn cutting insert
QI-690462,2023-07-12,Widget-Alpha,BATCH-57026,QA-01 (John Lee),231,5,2.16,Coating defect,Hold for review,0.98,0.8,Final inspection of Widget-Alpha (batch BATCH-57026). Overall yield: 97.8%. Coating defect accounted for majority of rejects. Measurement data logged to SPC system. Disposition: Hold for review. Inspector: QA-01 (John Lee).,Retrained operator on torque spec
QI-945619,2023-05-14,Pump-G10,BATCH-38679,QA-03 (Mike Torres),301,1,0.33,Material void,Rework,0.89,0.82,In-process inspection at Station 8 flagged Pump-G10 batch BATCH-38679. 1/301 units exhibited Material void. Inspector QA-03 (Mike Torres) escalated to QA supervisor. Containment: Adjusted feed rate on CNC-3. Root cause investigation opened under NCR-NCR-12612.,Adjusted feed rate on CNC-3
QI-714483,2023-04-14,Valve-X200,BATCH-28566,QA-03 (Mike Torres),80,0,0.0,Dimensional deviation,Scrap,0.95,0.74,In-process inspection at Station 6 flagged Valve-X200 batch BATCH-28566. 0/80 units exhibited Dimensional deviation. Inspector QA-03 (Mike Torres) escalated to QA supervisor. Containment: Adjusted feed rate on CNC-3. Root cause investigation opened under NCR-NCR-24538.,Adjusted feed rate on CNC-3
QI-334081,2024-11-12,Valve-X200,BATCH-73858,QA-02 (Sara Novak),130,11,8.46,Material void,Rework,1.75,1.51,Final inspection of Valve-X200 (batch BATCH-73858). Overall yield: 91.5%. Material void accounted for majority of rejects. Measurement data logged to SPC system. Disposition: Rework. Inspector: QA-02 (Sara Novak).,Replaced worn cutting insert
QI-948095,2024-09-18,Gear-M5,BATCH-85082,QA-01 (John Lee),425,18,4.24,Assembly gap,Scrap,0.93,0.71,Final inspection of Gear-M5 (batch BATCH-85082). Overall yield: 95.8%. Assembly gap accounted for majority of rejects. Measurement data logged to SPC system. Disposition: Scrap. Inspector: QA-01 (John Lee).,Replaced worn cutting insert
QI-568325,2023-01-12,Widget-Beta,BATCH-55457,QA-03 (Mike Torres),304,4,1.32,Coating defect,Accept,1.13,1.11,Final inspection of Widget-Beta (batch BATCH-55457). Overall yield: 98.7%. Coating defect accounted for majority of rejects. Measurement data logged to SPC system. Disposition: Accept. Inspector: QA-03 (Mike Torres).,Adjusted feed rate on CNC-3
QI-617033,2024-01-23,Valve-X200,BATCH-16310,QA-01 (John Lee),229,8,3.49,Dimensional deviation,Accept,1.59,1.37,"Batch BATCH-16310 of Valve-X200 inspected by QA-01 (John Lee). Dimensional deviation found in 8 of 229 units (3.5%). Disposition: Accept. Corrective action initiated: Updated inspection sampling plan. Process Cp: 1.59, Cpk: 1.37. Control chart shows bimodal distribution — two machines suspected.",Updated inspection sampling plan
QI-121053,2023-11-23,Valve-X200,BATCH-39567,QA-03 (Mike Torres),474,30,6.33,Assembly gap,Accept,1.59,1.42,"Batch BATCH-39567 of Valve-X200 inspected by QA-03 (Mike Torres). Assembly gap found in 30 of 474 units (6.3%). Disposition: Accept. Corrective action initiated: Adjusted feed rate on CNC-3. Process Cp: 1.59, Cpk: 1.42. Control chart shows one-point-out-of-control signal at subgroup 12.",Adjusted feed rate on CNC-3
QI-736818,2024-03-20,Valve-X200,BATCH-22203,QA-01 (John Lee),137,6,4.38,Surface scratch,Scrap,0.96,0.94,In-process inspection at Station 8 flagged Valve-X200 batch BATCH-22203. 6/137 units exhibited Surface scratch. Inspector QA-01 (John Lee) escalated to QA supervisor. Containment: Adjusted feed rate on CNC-3. Root cause investigation opened under NCR-NCR-54295.,Adjusted feed rate on CNC-3
QI-152046,2024-02-07,Widget-Beta,BATCH-80795,QA-01 (John Lee),155,6,3.87,Surface scratch,Scrap,1.21,1.04,"Batch BATCH-80795 of Widget-Beta inspected by QA-01 (John Lee). Surface scratch found in 6 of 155 units (3.9%). Disposition: Scrap. Corrective action initiated: Retrained operator on torque spec. Process Cp: 1.21, Cpk: 1.04. Control chart shows upward drift suggesting tool wear.",Retrained operator on torque spec
QI-317005,2023-06-24,Gear-M5,BATCH-96772,QA-03 (Mike Torres),77,5,6.49,Assembly gap,Rework,0.8,0.77,"Batch BATCH-96772 of Gear-M5 inspected by QA-03 (Mike Torres). Assembly gap found in 5 of 77 units (6.5%). Disposition: Rework. Corrective action initiated: Replaced worn cutting insert. Process Cp: 0.80, Cpk: 0.77. Control chart shows upward drift suggesting tool wear.",Replaced worn cutting insert
QI-487345,2023-07-11,Valve-X200,BATCH-44734,QA-01 (John Lee),207,12,5.8,Assembly gap,Accept,1.27,1.0,In-process inspection at Station 7 flagged Valve-X200 batch BATCH-44734. 12/207 units exhibited Assembly gap. Inspector QA-01 (John Lee) escalated to QA supervisor. Containment: Replaced worn cutting insert. Root cause investigation opened under NCR-NCR-21945.,Replaced worn cutting insert
QI-947438,2024-07-08,Pump-G10,BATCH-18079,QA-01 (John Lee),288,8,2.78,Material void,Hold for review,1.03,0.95,Final inspection of Pump-G10 (batch BATCH-18079). Overall yield: 97.2%. Material void accounted for majority of rejects. Measurement data logged to SPC system. Disposition: Hold for review. Inspector: QA-01 (John Lee).,Adjusted feed rate on CNC-3
QI-513982,2023-02-05,Pump-G10,BATCH-80190,QA-03 (Mike Torres),480,24,5.0,Dimensional deviation,Accept,1.62,1.49,In-process inspection at Station 4 flagged Pump-G10 batch BATCH-80190. 24/480 units exhibited Dimensional deviation. Inspector QA-03 (Mike Torres) escalated to QA supervisor. Containment: Updated inspection sampling plan. Root cause investigation opened under NCR-NCR-72236.,Updated inspection sampling plan
QI-816308,2024-03-21,Gear-M5,BATCH-37772,QA-03 (Mike Torres),111,7,6.31,Coating defect,Rework,0.97,0.67,In-process inspection at Station 3 flagged Gear-M5 batch BATCH-37772. 7/111 units exhibited Coating defect. Inspector QA-03 (Mike Torres) escalated to QA supervisor. Containment: Adjusted feed rate on CNC-3. Root cause investigation opened under NCR-NCR-35260.,Adjusted feed rate on CNC-3
QI-924758,2024-12-18,Widget-Beta,BATCH-82358,QA-03 (Mike Torres),213,2,0.94,Dimensional deviation,Scrap,0.89,0.72,In-process inspection at Station 5 flagged Widget-Beta batch BATCH-82358. 2/213 units exhibited Dimensional deviation. Inspector QA-03 (Mike Torres) escalated to QA supervisor. Containment: Calibrated CMM probe. Root cause investigation opened under NCR-NCR-52746.,Calibrated CMM probe
QI-661652,2023-12-19,Gear-M5,BATCH-86372,QA-03 (Mike Torres),107,6,5.61,Coating defect,Hold for review,0.95,0.78,"Batch BATCH-86372 of Gear-M5 inspected by QA-03 (Mike Torres). Coating defect found in 6 of 107 units (5.6%). Disposition: Hold for review. Corrective action initiated: Calibrated CMM probe. Process Cp: 0.95, Cpk: 0.78. Control chart shows one-point-out-of-control signal at subgroup 12.",Calibrated CMM probe
QI-824056,2023-09-01,Pump-G10,BATCH-28855,QA-02 (Sara Novak),342,30,8.77,Assembly gap,Hold for review,0.84,0.76,In-process inspection at Station 7 flagged Pump-G10 batch BATCH-28855. 30/342 units exhibited Assembly gap. Inspector QA-02 (Sara Novak) escalated to QA supervisor. Containment: Adjusted feed rate on CNC-3. Root cause investigation opened under NCR-NCR-91034.,Adjusted feed rate on CNC-3
QI-415076,2024-03-29,Widget-Alpha,BATCH-50756,QA-03 (Mike Torres),240,0,0.0,Assembly gap,Scrap,1.14,0.9,"Batch BATCH-50756 of Widget-Alpha inspected by QA-03 (Mike Torres). Assembly gap found in 0 of 240 units (0.0%). Disposition: Scrap. Corrective action initiated: Adjusted feed rate on CNC-3. Process Cp: 1.14, Cpk: 0.90. Control chart shows stable within control limits.",Adjusted feed rate on CNC-3
QI-168804,2023-11-15,Valve-X200,BATCH-63368,QA-02 (Sara Novak),359,5,1.39,Weight out of spec,Hold for review,0.99,0.93,Final inspection of Valve-X200 (batch BATCH-63368). Overall yield: 98.6%. Weight out of spec accounted for majority of rejects. Measurement data logged to SPC system. Disposition: Hold for review. Inspector: QA-02 (Sara Novak).,Adjusted feed rate on CNC-3
QI-838862,2023-07-23,Gear-M5,BATCH-17553,QA-02 (Sara Novak),138,3,2.17,Dimensional deviation,Accept,1.68,1.62,"Batch BATCH-17553 of Gear-M5 inspected by QA-02 (Sara Novak). Dimensional deviation found in 3 of 138 units (2.2%). Disposition: Accept. Corrective action initiated: Updated inspection sampling plan. Process Cp: 1.68, Cpk: 1.62. Control chart shows one-point-out-of-control signal at subgroup 12.",Updated inspection sampling plan
QI-460971,2023-06-17,Valve-X200,BATCH-74066,QA-02 (Sara Novak),375,7,1.87,Assembly gap,Hold for review,1.48,1.41,In-process inspection at Station 8 flagged Valve-X200 batch BATCH-74066. 7/375 units exhibited Assembly gap. Inspector QA-02 (Sara Novak) escalated to QA supervisor. Containment: Replaced worn cutting insert. Root cause investigation opened under NCR-NCR-87862.,Replaced worn cutting insert
QI-382154,2024-10-29,Valve-X200,BATCH-85007,QA-03 (Mike Torres),195,0,0.0,Weight out of spec,Accept,1.19,1.14,Final inspection of Valve-X200 (batch BATCH-85007). Overall yield: 100.0%. Weight out of spec accounted for majority of rejects. Measurement data logged to SPC system. Disposition: Accept. Inspector: QA-03 (Mike Torres).,Replaced worn cutting insert
QI-544393,2024-01-21,Pump-G10,BATCH-11109,QA-03 (Mike Torres),292,29,9.93,Surface scratch,Accept,0.93,0.88,In-process inspection at Station 5 flagged Pump-G10 batch BATCH-11109. 29/292 units exhibited Surface scratch. Inspector QA-03 (Mike Torres) escalated to QA supervisor. Containment: Calibrated CMM probe. Root cause investigation opened under NCR-NCR-39329.,Calibrated CMM probe
QI-688730,2024-10-24,Valve-X200,BATCH-62055,QA-02 (Sara Novak),288,9,3.12,Material void,Rework,1.48,1.23,Final inspection of Valve-X200 (batch BATCH-62055). Overall yield: 96.9%. Material void accounted for majority of rejects. Measurement data logged to SPC system. Disposition: Rework. Inspector: QA-02 (Sara Novak).,Adjusted feed rate on CNC-3
QI-297509,2023-06-03,Gear-M5,BATCH-46239,QA-03 (Mike Torres),400,6,1.5,Material void,Scrap,1.28,1.18,In-process inspection at Station 6 flagged Gear-M5 batch BATCH-46239. 6/400 units exhibited Material void. Inspector QA-03 (Mike Torres) escalated to QA supervisor. Containment: Retrained operator on torque spec. Root cause investigation opened under NCR-NCR-93964.,Retrained operator on torque spec
QI-507135,2023-02-06,Gear-M5,BATCH-95904,QA-01 (John Lee),388,20,5.15,Surface scratch,Hold for review,1.48,1.26,In-process inspection at Station 5 flagged Gear-M5 batch BATCH-95904. 20/388 units exhibited Surface scratch. Inspector QA-01 (John Lee) escalated to QA supervisor. Containment: Retrained operator on torque spec. Root cause investigation opened under NCR-NCR-75191.,Retrained operator on torque spec
QI-981473,2024-11-04,Gear-M5,BATCH-72355,QA-03 (Mike Torres),225,22,9.78,Coating defect,Rework,1.02,0.86,In-process inspection at Station 6 flagged Gear-M5 batch BATCH-72355. 22/225 units exhibited Coating defect. Inspector QA-03 (Mike Torres) escalated to QA supervisor. Containment: Calibrated CMM probe. Root cause investigation opened under NCR-NCR-98063.,Calibrated CMM probe
QI-334176,2023-11-11,Gear-M5,BATCH-83273,QA-01 (John Lee),291,4,1.37,Material void,Accept,1.54,1.32,"Batch BATCH-83273 of Gear-M5 inspected by QA-01 (John Lee). Material void found in 4 of 291 units (1.4%). Disposition: Accept. Corrective action initiated: Adjusted feed rate on CNC-3. Process Cp: 1.54, Cpk: 1.32. Control chart shows one-point-out-of-control signal at subgroup 12.",Adjusted feed rate on CNC-3
QI-813763,2024-01-26,Pump-G10,BATCH-17035,QA-02 (Sara Novak),349,18,5.16,Material void,Scrap,1.26,1.22,"Batch BATCH-17035 of Pump-G10 inspected by QA-02 (Sara Novak). Material void found in 18 of 349 units (5.2%). Disposition: Scrap. Corrective action initiated: Updated inspection sampling plan. Process Cp: 1.26, Cpk: 1.22. Control chart shows upward drift suggesting tool wear.",Updated inspection sampling plan
QI-916779,2023-03-24,Gear-M5,BATCH-63633,QA-02 (Sara Novak),495,9,1.82,Assembly gap,Accept,0.94,0.88,In-process inspection at Station 8 flagged Gear-M5 batch BATCH-63633. 9/495 units exhibited Assembly gap. Inspector QA-02 (Sara Novak) escalated to QA supervisor. Containment: Replaced worn cutting insert. Root cause investigation opened under NCR-NCR-84632.,Replaced worn cutting insert
QI-744328,2024-03-20,Pump-G10,BATCH-37444,QA-02 (Sara Novak),210,20,9.52,Weight out of spec,Rework,0.86,0.72,"Batch BATCH-37444 of Pump-G10 inspected by QA-02 (Sara Novak). Weight out of spec found in 20 of 210 units (9.5%). Disposition: Rework. Corrective action initiated: Updated inspection sampling plan. Process Cp: 0.86, Cpk: 0.72. Control chart shows stable within control limits.",Updated inspection sampling plan
QI-809621,2023-01-05,Pump-G10,BATCH-58903,QA-02 (Sara Novak),246,0,0.0,Assembly gap,Hold for review,0.84,0.78,"Batch BATCH-58903 of Pump-G10 inspected by QA-02 (Sara Novak). Assembly gap found in 0 of 246 units (0.0%). Disposition: Hold for review. Corrective action initiated: Calibrated CMM probe. Process Cp: 0.84, Cpk: 0.78. Control chart shows upward drift suggesting tool wear.",Calibrated CMM probe
QI-578073,2024-06-16,Widget-Beta,BATCH-50123,QA-01 (John Lee),209,4,1.91,Weight out of spec,Scrap,0.9,0.75,In-process inspection at Station 2 flagged Widget-Beta batch BATCH-50123. 4/209 units exhibited Weight out of spec. Inspector QA-01 (John Lee) escalated to QA supervisor. Containment: Adjusted feed rate on CNC-3. Root cause investigation opened under NCR-NCR-31891.,Adjusted feed rate on CNC-3
QI-335217,2023-05-15,Gear-M5,BATCH-57087,QA-03 (Mike Torres),401,8,2.0,Material void,Hold for review,1.14,0.87,"Batch BATCH-57087 of Gear-M5 inspected by QA-03 (Mike Torres). Material void found in 8 of 401 units (2.0%). Disposition: Hold for review. Corrective action initiated: Updated inspection sampling plan. Process Cp: 1.14, Cpk: 0.87. Control chart shows stable within control limits.",Updated inspection sampling plan
QI-722774,2023-02-19,Widget-Beta,BATCH-59177,QA-03 (Mike Torres),113,5,4.42,Surface scratch,Rework,1.51,1.27,Final inspection of Widget-Beta (batch BATCH-59177). Overall yield: 95.6%. Surface scratch accounted for majority of rejects. Measurement data logged to SPC system. Disposition: Rework. Inspector: QA-03 (Mike Torres).,Calibrated CMM probe
QI-415743,2024-03-06,Widget-Alpha,BATCH-81733,QA-03 (Mike Torres),403,7,1.74,Surface scratch,Accept,1.22,1.11,"Batch BATCH-81733 of Widget-Alpha inspected by QA-03 (Mike Torres). Surface scratch found in 7 of 403 units (1.7%). Disposition: Accept. Corrective action initiated: Replaced worn cutting insert. Process Cp: 1.22, Cpk: 1.11. Control chart shows upward drift suggesting tool wear.",Replaced worn cutting insert
QI-621917,2023-07-23,Widget-Alpha,BATCH-77054,QA-03 (Mike Torres),368,8,2.17,Coating defect,Scrap,1.22,0.95,"Batch BATCH-77054 of Widget-Alpha inspected by QA-03 (Mike Torres). Coating defect found in 8 of 368 units (2.2%). Disposition: Scrap. Corrective action initiated: Retrained operator on torque spec. Process Cp: 1.22, Cpk: 0.95. Control chart shows upward drift suggesting tool wear.",Retrained operator on torque spec
QI-102871,2023-01-14,Gear-M5,BATCH-81845,QA-01 (John Lee),233,22,9.44,Material void,Rework,1.21,1.16,In-process inspection at Station 4 flagged Gear-M5 batch BATCH-81845. 22/233 units exhibited Material void. Inspector QA-01 (John Lee) escalated to QA supervisor. Containment: Updated inspection sampling plan. Root cause investigation opened under NCR-NCR-75058.,Updated inspection sampling plan
QI-586830,2023-02-21,Widget-Alpha,BATCH-23276,QA-01 (John Lee),126,1,0.79,Coating defect,Hold for review,1.58,1.56,In-process inspection at Station 4 flagged Widget-Alpha batch BATCH-23276. 1/126 units exhibited Coating defect. Inspector QA-01 (John Lee) escalated to QA supervisor. Containment: Updated inspection sampling plan. Root cause investigation opened under NCR-NCR-43540.,Updated inspection sampling plan
QI-444625,2024-01-02,Widget-Alpha,BATCH-22451,QA-01 (John Lee),234,21,8.97,Surface scratch,Scrap,1.11,0.89,Final inspection of Widget-Alpha (batch BATCH-22451). Overall yield: 91.0%. Surface scratch accounted for majority of rejects. Measurement data logged to SPC system. Disposition: Scrap. Inspector: QA-01 (John Lee).,Replaced worn cutting insert
QI-218548,2023-05-16,Pump-G10,BATCH-69839,QA-03 (Mike Torres),240,10,4.17,Material void,Accept,0.98,0.86,In-process inspection at Station 7 flagged Pump-G10 batch BATCH-69839. 10/240 units exhibited Material void. Inspector QA-03 (Mike Torres) escalated to QA supervisor. Containment: Updated inspection sampling plan. Root cause investigation opened under NCR-NCR-45629.,Updated inspection sampling plan
QI-817712,2023-05-14,Widget-Alpha,BATCH-33758,QA-01 (John Lee),352,30,8.52,Surface scratch,Hold for review,1.6,1.4,Final inspection of Widget-Alpha (batch BATCH-33758). Overall yield: 91.5%. Surface scratch accounted for majority of rejects. Measurement data logged to SPC system. Disposition: Hold for review. Inspector: QA-01 (John Lee).,Retrained operator on torque spec
QI-553873,2024-11-08,Pump-G10,BATCH-11620,QA-02 (Sara Novak),275,1,0.36,Surface scratch,Hold for review,0.86,0.66,Final inspection of Pump-G10 (batch BATCH-11620). Overall yield: 99.6%. Surface scratch accounted for majority of rejects. Measurement data logged to SPC system. Disposition: Hold for review. Inspector: QA-02 (Sara Novak).,Retrained operator on torque spec
QI-273438,2023-03-18,Widget-Beta,BATCH-11526,QA-02 (Sara Novak),126,8,6.35,Material void,Hold for review,1.69,1.51,In-process inspection at Station 3 flagged Widget-Beta batch BATCH-11526. 8/126 units exhibited Material void. Inspector QA-02 (Sara Novak) escalated to QA supervisor. Containment: Calibrated CMM probe. Root cause investigation opened under NCR-NCR-94331.,Calibrated CMM probe
QI-940183,2024-08-09,Pump-G10,BATCH-59628,QA-02 (Sara Novak),192,1,0.52,Dimensional deviation,Scrap,1.31,1.14,In-process inspection at Station 4 flagged Pump-G10 batch BATCH-59628. 1/192 units exhibited Dimensional deviation. Inspector QA-02 (Sara Novak) escalated to QA supervisor. Containment: Adjusted feed rate on CNC-3. Root cause investigation opened under NCR-NCR-62858.,Adjusted feed rate on CNC-3
QI-966028,2023-04-04,Pump-G10,BATCH-12329,QA-01 (John Lee),211,3,1.42,Assembly gap,Hold for review,1.78,1.56,"Batch BATCH-12329 of Pump-G10 inspected by QA-01 (John Lee). Assembly gap found in 3 of 211 units (1.4%). Disposition: Hold for review. Corrective action initiated: Updated inspection sampling plan. Process Cp: 1.78, Cpk: 1.56. Control chart shows upward drift suggesting tool wear.",Updated inspection sampling plan
QI-687360,2024-09-26,Gear-M5,BATCH-54676,QA-03 (Mike Torres),310,13,4.19,Weight out of spec,Scrap,1.45,1.31,In-process inspection at Station 1 flagged Gear-M5 batch BATCH-54676. 13/310 units exhibited Weight out of spec. Inspector QA-03 (Mike Torres) escalated to QA supervisor. Containment: Replaced worn cutting insert. Root cause investigation opened under NCR-NCR-57624.,Replaced worn cutting insert
QI-674295,2024-06-18,Gear-M5,BATCH-39064,QA-02 (Sara Novak),416,28,6.73,Weight out of spec,Scrap,0.91,0.68,Final inspection of Gear-M5 (batch BATCH-39064). Overall yield: 93.3%. Weight out of spec accounted for majority of rejects. Measurement data logged to SPC system. Disposition: Scrap. Inspector: QA-02 (Sara Novak).,Retrained operator on torque spec
QI-226611,2024-02-07,Valve-X200,BATCH-63636,QA-03 (Mike Torres),134,7,5.22,Surface scratch,Accept,0.94,0.72,"Batch BATCH-63636 of Valve-X200 inspected by QA-03 (Mike Torres). Surface scratch found in 7 of 134 units (5.2%). Disposition: Accept. Corrective action initiated: Calibrated CMM probe. Process Cp: 0.94, Cpk: 0.72. Control chart shows stable within control limits.",Calibrated CMM probe
QI-623059,2023-01-05,Widget-Beta,BATCH-98098,QA-02 (Sara Novak),105,6,5.71,Dimensional deviation,Scrap,0.85,0.66,In-process inspection at Station 2 flagged Widget-Beta batch BATCH-98098. 6/105 units exhibited Dimensional deviation. Inspector QA-02 (Sara Novak) escalated to QA supervisor. Containment: Updated inspection sampling plan. Root cause investigation opened under NCR-NCR-87176.,Updated inspection sampling plan
QI-789461,2024-09-06,Gear-M5,BATCH-33226,QA-03 (Mike Torres),479,37,7.72,Surface scratch,Hold for review,1.28,1.13,"Batch BATCH-33226 of Gear-M5 inspected by QA-03 (Mike Torres). Surface scratch found in 37 of 479 units (7.7%). Disposition: Hold for review. Corrective action initiated: Replaced worn cutting insert. Process Cp: 1.28, Cpk: 1.13. Control chart shows bimodal distribution — two machines suspected.",Replaced worn cutting insert
QI-244892,2024-02-27,Gear-M5,BATCH-45860,QA-02 (Sara Novak),264,19,7.2,Coating defect,Hold for review,1.72,1.49,In-process inspection at Station 6 flagged Gear-M5 batch BATCH-45860. 19/264 units exhibited Coating defect. Inspector QA-02 (Sara Novak) escalated to QA supervisor. Containment: Retrained operator on torque spec. Root cause investigation opened under NCR-NCR-62149.,Retrained operator on torque spec
QI-819964,2023-12-20,Gear-M5,BATCH-82559,QA-03 (Mike Torres),481,44,9.15,Weight out of spec,Scrap,1.35,1.26,"Batch BATCH-82559 of Gear-M5 inspected by QA-03 (Mike Torres). Weight out of spec found in 44 of 481 units (9.1%). Disposition: Scrap. Corrective action initiated: Replaced worn cutting insert. Process Cp: 1.35, Cpk: 1.26. Control chart shows one-point-out-of-control signal at subgroup 12.",Replaced worn cutting insert
QI-806995,2024-06-30,Widget-Beta,BATCH-25126,QA-03 (Mike Torres),307,17,5.54,Weight out of spec,Rework,1.49,1.39,Final inspection of Widget-Beta (batch BATCH-25126). Overall yield: 94.5%. Weight out of spec accounted for majority of rejects. Measurement data logged to SPC system. Disposition: Rework. Inspector: QA-03 (Mike Torres).,Calibrated CMM probe
QI-253541,2023-03-05,Valve-X200,BATCH-36201,QA-02 (Sara Novak),62,3,4.84,Surface scratch,Accept,0.95,0.75,Final inspection of Valve-X200 (batch BATCH-36201). Overall yield: 95.2%. Surface scratch accounted for majority of rejects. Measurement data logged to SPC system. Disposition: Accept. Inspector: QA-02 (Sara Novak).,Retrained operator on torque spec
QI-826596,2024-11-11,Valve-X200,BATCH-83647,QA-01 (John Lee),233,14,6.01,Coating defect,Accept,0.9,0.64,Final inspection of Valve-X200 (batch BATCH-83647). Overall yield: 94.0%. Coating defect accounted for majority of rejects. Measurement data logged to SPC system. Disposition: Accept. Inspector: QA-01 (John Lee).,Replaced worn cutting insert
QI-764575,2024-12-22,Widget-Alpha,BATCH-11699,QA-02 (Sara Novak),453,43,9.49,Assembly gap,Hold for review,1.11,0.94,In-process inspection at Station 4 flagged Widget-Alpha batch BATCH-11699. 43/453 units exhibited Assembly gap. Inspector QA-02 (Sara Novak) escalated to QA supervisor. Containment: Calibrated CMM probe. Root cause investigation opened under NCR-NCR-42943.,Calibrated CMM probe
QI-495521,2023-02-11,Valve-X200,BATCH-99477,QA-03 (Mike Torres),447,12,2.68,Coating defect,Rework,1.09,1.04,Final inspection of Valve-X200 (batch BATCH-99477). Overall yield: 97.3%. Coating defect accounted for majority of rejects. Measurement data logged to SPC system. Disposition: Rework. Inspector: QA-03 (Mike Torres).,Replaced worn cutting insert
QI-725874,2023-02-22,Pump-G10,BATCH-53327,QA-02 (Sara Novak),116,2,1.72,Coating defect,Scrap,1.38,1.3,"Batch BATCH-53327 of Pump-G10 inspected by QA-02 (Sara Novak). Coating defect found in 2 of 116 units (1.7%). Disposition: Scrap. Corrective action initiated: Adjusted feed rate on CNC-3. Process Cp: 1.38, Cpk: 1.30. Control chart shows one-point-out-of-control signal at subgroup 12.",Adjusted feed rate on CNC-3
QI-924451,2024-06-01,Gear-M5,BATCH-51662,QA-03 (Mike Torres),454,36,7.93,Material void,Hold for review,1.35,1.33,Final inspection of Gear-M5 (batch BATCH-51662). Overall yield: 92.1%. Material void accounted for majority of rejects. Measurement data logged to SPC system. Disposition: Hold for review. Inspector: QA-03 (Mike Torres).,Replaced worn cutting insert
QI-688602,2024-10-26,Widget-Beta,BATCH-53500,QA-02 (Sara Novak),97,5,5.15,Coating defect,Hold for review,1.02,0.96,"Batch BATCH-53500 of Widget-Beta inspected by QA-02 (Sara Novak). Coating defect found in 5 of 97 units (5.2%). Disposition: Hold for review. Corrective action initiated: Retrained operator on torque spec. Process Cp: 1.02, Cpk: 0.96. Control chart shows bimodal distribution — two machines suspected.",Retrained operator on torque spec
QI-504620,2023-09-20,Widget-Alpha,BATCH-91412,QA-01 (John Lee),278,7,2.52,Weight out of spec,Scrap,1.7,1.52,In-process inspection at Station 1 flagged Widget-Alpha batch BATCH-91412. 7/278 units exhibited Weight out of spec. Inspector QA-01 (John Lee) escalated to QA supervisor. Containment: Retrained operator on torque spec. Root cause investigation opened under NCR-NCR-41958.,Retrained operator on torque spec
QI-200617,2023-06-21,Gear-M5,BATCH-73806,QA-03 (Mike Torres),314,23,7.32,Material void,Accept,1.31,1.16,In-process inspection at Station 5 flagged Gear-M5 batch BATCH-73806. 23/314 units exhibited Material void. Inspector QA-03 (Mike Torres) escalated to QA supervisor. Containment: Replaced worn cutting insert. Root cause investigation opened under NCR-NCR-15747.,Replaced worn cutting insert
QI-124906,2024-04-15,Gear-M5,BATCH-23621,QA-03 (Mike Torres),157,6,3.82,Surface scratch,Accept,1.66,1.53,Final inspection of Gear-M5 (batch BATCH-23621). Overall yield: 96.2%. Surface scratch accounted for majority of rejects. Measurement data logged to SPC system. Disposition: Accept. Inspector: QA-03 (Mike Torres).,Adjusted feed rate on CNC-3
QI-760830,2024-02-19,Valve-X200,BATCH-85361,QA-01 (John Lee),77,2,2.6,Surface scratch,Accept,1.59,1.42,In-process inspection at Station 5 flagged Valve-X200 batch BATCH-85361. 2/77 units exhibited Surface scratch. Inspector QA-01 (John Lee) escalated to QA supervisor. Containment: Updated inspection sampling plan. Root cause investigation opened under NCR-NCR-39837.,Updated inspection sampling plan
QI-403915,2024-12-03,Pump-G10,BATCH-91048,QA-02 (Sara Novak),394,7,1.78,Surface scratch,Hold for review,1.33,1.14,In-process inspection at Station 1 flagged Pump-G10 batch BATCH-91048. 7/394 units exhibited Surface scratch. Inspector QA-02 (Sara Novak) escalated to QA supervisor. Containment: Adjusted feed rate on CNC-3. Root cause investigation opened under NCR-NCR-18288.,Adjusted feed rate on CNC-3
QI-883028,2024-02-05,Valve-X200,BATCH-14039,QA-03 (Mike Torres),441,28,6.35,Surface scratch,Scrap,1.18,0.93,"Batch BATCH-14039 of Valve-X200 inspected by QA-03 (Mike Torres). Surface scratch found in 28 of 441 units (6.3%). Disposition: Scrap. Corrective action initiated: Calibrated CMM probe. Process Cp: 1.18, Cpk: 0.93. Control chart shows stable within control limits.",Calibrated CMM probe
QI-700538,2024-09-02,Gear-M5,BATCH-82551,QA-02 (Sara Novak),202,20,9.9,Weight out of spec,Rework,1.17,0.89,"Batch BATCH-82551 of Gear-M5 inspected by QA-02 (Sara Novak). Weight out of spec found in 20 of 202 units (9.9%). Disposition: Rework. Corrective action initiated: Adjusted feed rate on CNC-3. Process Cp: 1.17, Cpk: 0.89. Control chart shows upward drift suggesting tool wear.",Adjusted feed rate on CNC-3
QI-292930,2023-08-15,Pump-G10,BATCH-55069,QA-03 (Mike Torres),206,6,2.91,Coating defect,Accept,1.55,1.28,"Batch BATCH-55069 of Pump-G10 inspected by QA-03 (Mike Torres). Coating defect found in 6 of 206 units (2.9%). Disposition: Accept. Corrective action initiated: Calibrated CMM probe. Process Cp: 1.55, Cpk: 1.28. Control chart shows stable within control limits.",Calibrated CMM probe
QI-362865,2023-04-11,Gear-M5,BATCH-81939,QA-02 (Sara Novak),142,10,7.04,Dimensional deviation,Accept,1.6,1.34,Final inspection of Gear-M5 (batch BATCH-81939). Overall yield: 93.0%. Dimensional deviation accounted for majority of rejects. Measurement data logged to SPC system. Disposition: Accept. Inspector: QA-02 (Sara Novak).,Retrained operator on torque spec
QI-572536,2023-12-03,Widget-Beta,BATCH-23113,QA-03 (Mike Torres),219,11,5.02,Coating defect,Hold for review,0.93,0.73,In-process inspection at Station 2 flagged Widget-Beta batch BATCH-23113. 11/219 units exhibited Coating defect. Inspector QA-03 (Mike Torres) escalated to QA supervisor. Containment: Replaced worn cutting insert. Root cause investigation opened under NCR-NCR-47373.,Replaced worn cutting insert
QI-390119,2024-01-04,Gear-M5,BATCH-32103,QA-03 (Mike Torres),339,23,6.78,Material void,Rework,1.61,1.32,"Batch BATCH-32103 of Gear-M5 inspected by QA-03 (Mike Torres). Material void found in 23 of 339 units (6.8%). Disposition: Rework. Corrective action initiated: Replaced worn cutting insert. Process Cp: 1.61, Cpk: 1.32. Control chart shows bimodal distribution — two machines suspected.",Replaced worn cutting insert
QI-982683,2023-10-15,Widget-Beta,BATCH-50038,QA-03 (Mike Torres),499,30,6.01,Weight out of spec,Scrap,1.26,1.15,Final inspection of Widget-Beta (batch BATCH-50038). Overall yield: 94.0%. Weight out of spec accounted for majority of rejects. Measurement data logged to SPC system. Disposition: Scrap. Inspector: QA-03 (Mike Torres).,Replaced worn cutting insert
QI-906564,2024-08-27,Widget-Beta,BATCH-12441,QA-03 (Mike Torres),425,40,9.41,Dimensional deviation,Scrap,0.88,0.86,Final inspection of Widget-Beta (batch BATCH-12441). Overall yield: 90.6%. Dimensional deviation accounted for majority of rejects. Measurement data logged to SPC system. Disposition: Scrap. Inspector: QA-03 (Mike Torres).,Calibrated CMM probe
QI-516059,2024-01-08,Widget-Beta,BATCH-61445,QA-01 (John Lee),328,30,9.15,Coating defect,Scrap,1.45,1.41,In-process inspection at Station 5 flagged Widget-Beta batch BATCH-61445. 30/328 units exhibited Coating defect. Inspector QA-01 (John Lee) escalated to QA supervisor. Containment: Replaced worn cutting insert. Root cause investigation opened under NCR-NCR-39269.,Replaced worn cutting insert
QI-871667,2024-05-10,Gear-M5,BATCH-28398,QA-01 (John Lee),484,39,8.06,Weight out of spec,Rework,1.48,1.25,Final inspection of Gear-M5 (batch BATCH-28398). Overall yield: 91.9%. Weight out of spec accounted for majority of rejects. Measurement data logged to SPC system. Disposition: Rework. Inspector: QA-01 (John Lee).,Replaced worn cutting insert
QI-148693,2023-02-10,Valve-X200,BATCH-97632,QA-01 (John Lee),168,2,1.19,Dimensional deviation,Hold for review,1.06,0.99,In-process inspection at Station 6 flagged Valve-X200 batch BATCH-97632. 2/168 units exhibited Dimensional deviation. Inspector QA-01 (John Lee) escalated to QA supervisor. Containment: Updated inspection sampling plan. Root cause investigation opened under NCR-NCR-37102.,Updated inspection sampling plan
QI-641760,2023-09-15,Valve-X200,BATCH-32786,QA-01 (John Lee),477,47,9.85,Weight out of spec,Scrap,1.06,0.9,Final inspection of Valve-X200 (batch BATCH-32786). Overall yield: 90.1%. Weight out of spec accounted for majority of rejects. Measurement data logged to SPC system. Disposition: Scrap. Inspector: QA-01 (John Lee).,Retrained operator on torque spec
QI-180832,2024-06-10,Pump-G10,BATCH-89195,QA-01 (John Lee),230,11,4.78,Coating defect,Hold for review,1.29,1.15,"Batch BATCH-89195 of Pump-G10 inspected by QA-01 (John Lee). Coating defect found in 11 of 230 units (4.8%). Disposition: Hold for review. Corrective action initiated: Updated inspection sampling plan. Process Cp: 1.29, Cpk: 1.15. Control chart shows stable within control limits.",Updated inspection sampling plan
QI-604906,2024-11-22,Valve-X200,BATCH-96652,QA-01 (John Lee),130,5,3.85,Dimensional deviation,Rework,1.4,1.15,Final inspection of Valve-X200 (batch BATCH-96652). Overall yield: 96.2%. Dimensional deviation accounted for majority of rejects. Measurement data logged to SPC system. Disposition: Rework. Inspector: QA-01 (John Lee).,Retrained operator on torque spec
QI-700067,2023-05-31,Pump-G10,BATCH-85168,QA-02 (Sara Novak),381,26,6.82,Dimensional deviation,Rework,0.82,0.81,Final inspection of Pump-G10 (batch BATCH-85168). Overall yield: 93.2%. Dimensional deviation accounted for majority of rejects. Measurement data logged to SPC system. Disposition: Rework. Inspector: QA-02 (Sara Novak).,Replaced worn cutting insert
QI-735988,2024-04-27,Widget-Alpha,BATCH-12440,QA-01 (John Lee),314,25,7.96,Material void,Rework,1.4,1.23,"Batch BATCH-12440 of Widget-Alpha inspected by QA-01 (John Lee). Material void found in 25 of 314 units (8.0%). Disposition: Rework. Corrective action initiated: Adjusted feed rate on CNC-3. Process Cp: 1.40, Cpk: 1.23. Control chart shows bimodal distribution — two machines suspected.",Adjusted feed rate on CNC-3
QI-575497,2024-09-02,Pump-G10,BATCH-33839,QA-01 (John Lee),357,9,2.52,Dimensional deviation,Hold for review,1.59,1.34,Final inspection of Pump-G10 (batch BATCH-33839). Overall yield: 97.5%. Dimensional deviation accounted for majority of rejects. Measurement data logged to SPC system. Disposition: Hold for review. Inspector: QA-01 (John Lee).,Replaced worn cutting insert
QI-286040,2024-05-02,Gear-M5,BATCH-76107,QA-01 (John Lee),247,4,1.62,Dimensional deviation,Hold for review,0.91,0.85,Final inspection of Gear-M5 (batch BATCH-76107). Overall yield: 98.4%. Dimensional deviation accounted for majority of rejects. Measurement data logged to SPC system. Disposition: Hold for review. Inspector: QA-01 (John Lee).,Replaced worn cutting insert
QI-145548,2024-12-15,Gear-M5,BATCH-80685,QA-03 (Mike Torres),97,7,7.22,Surface scratch,Accept,1.46,1.19,In-process inspection at Station 7 flagged Gear-M5 batch BATCH-80685. 7/97 units exhibited Surface scratch. Inspector QA-03 (Mike Torres) escalated to QA supervisor. Containment: Calibrated CMM probe. Root cause investigation opened under NCR-NCR-10157.,Calibrated CMM probe
QI-903061,2023-08-27,Gear-M5,BATCH-85513,QA-02 (Sara Novak),454,24,5.29,Dimensional deviation,Hold for review,1.15,0.91,In-process inspection at Station 7 flagged Gear-M5 batch BATCH-85513. 24/454 units exhibited Dimensional deviation. Inspector QA-02 (Sara Novak) escalated to QA supervisor. Containment: Replaced worn cutting insert. Root cause investigation opened under NCR-NCR-22807.,Replaced worn cutting insert
QI-786341,2023-07-30,Widget-Alpha,BATCH-10932,QA-02 (Sara Novak),181,6,3.31,Coating defect,Hold for review,0.81,0.59,"Batch BATCH-10932 of Widget-Alpha inspected by QA-02 (Sara Novak). Coating defect found in 6 of 181 units (3.3%). Disposition: Hold for review. Corrective action initiated: Calibrated CMM probe. Process Cp: 0.81, Cpk: 0.59. Control chart shows bimodal distribution — two machines suspected.",Calibrated CMM probe
QI-891645,2023-07-28,Valve-X200,BATCH-80268,QA-02 (Sara Novak),129,6,4.65,Material void,Accept,1.45,1.37,In-process inspection at Station 6 flagged Valve-X200 batch BATCH-80268. 6/129 units exhibited Material void. Inspector QA-02 (Sara Novak) escalated to QA supervisor. Containment: Calibrated CMM probe. Root cause investigation opened under NCR-NCR-65517.,Calibrated CMM probe
QI-996531,2024-11-06,Pump-G10,BATCH-50193,QA-03 (Mike Torres),141,5,3.55,Coating defect,Hold for review,1.36,1.21,Final inspection of Pump-G10 (batch BATCH-50193). Overall yield: 96.5%. Coating defect accounted for majority of rejects. Measurement data logged to SPC system. Disposition: Hold for review. Inspector: QA-03 (Mike Torres).,Updated inspection sampling plan
QI-268546,2024-02-03,Widget-Alpha,BATCH-76629,QA-03 (Mike Torres),450,44,9.78,Dimensional deviation,Hold for review,1.75,1.72,Final inspection of Widget-Alpha (batch BATCH-76629). Overall yield: 90.2%. Dimensional deviation accounted for majority of rejects. Measurement data logged to SPC system. Disposition: Hold for review. Inspector: QA-03 (Mike Torres).,Calibrated CMM probe
QI-846172,2024-09-03,Widget-Alpha,BATCH-58606,QA-01 (John Lee),357,27,7.56,Dimensional deviation,Hold for review,0.89,0.81,In-process inspection at Station 1 flagged Widget-Alpha batch BATCH-58606. 27/357 units exhibited Dimensional deviation. Inspector QA-01 (John Lee) escalated to QA supervisor. Containment: Updated inspection sampling plan. Root cause investigation opened under NCR-NCR-20490.,Updated inspection sampling plan
QI-745073,2023-06-23,Widget-Alpha,BATCH-77915,QA-01 (John Lee),274,0,0.0,Weight out of spec,Hold for review,1.0,0.8,Final inspection of Widget-Alpha (batch BATCH-77915). Overall yield: 100.0%. Weight out of spec accounted for majority of rejects. Measurement data logged to SPC system. Disposition: Hold for review. Inspector: QA-01 (John Lee).,Adjusted feed rate on CNC-3
QI-642892,2023-01-16,Widget-Alpha,BATCH-56285,QA-02 (Sara Novak),130,1,0.77,Dimensional deviation,Accept,1.8,1.57,Final inspection of Widget-Alpha (batch BATCH-56285). Overall yield: 99.2%. Dimensional deviation accounted for majority of rejects. Measurement data logged to SPC system. Disposition: Accept. Inspector: QA-02 (Sara Novak).,Updated inspection sampling plan
QI-373791,2023-06-29,Widget-Alpha,BATCH-46242,QA-01 (John Lee),421,35,8.31,Coating defect,Scrap,1.72,1.62,In-process inspection at Station 4 flagged Widget-Alpha batch BATCH-46242. 35/421 units exhibited Coating defect. Inspector QA-01 (John Lee) escalated to QA supervisor. Containment: Updated inspection sampling plan. Root cause investigation opened under NCR-NCR-39661.,Updated inspection sampling plan
QI-907369,2023-09-07,Pump-G10,BATCH-77277,QA-03 (Mike Torres),307,9,2.93,Surface scratch,Accept,1.14,1.1,In-process inspection at Station 5 flagged Pump-G10 batch BATCH-77277. 9/307 units exhibited Surface scratch. Inspector QA-03 (Mike Torres) escalated to QA supervisor. Containment: Updated inspection sampling plan. Root cause investigation opened under NCR-NCR-43776.,Updated inspection sampling plan
QI-470248,2024-06-12,Valve-X200,BATCH-60157,QA-02 (Sara Novak),350,1,0.29,Weight out of spec,Hold for review,1.28,1.2,In-process inspection at Station 4 flagged Valve-X200 batch BATCH-60157. 1/350 units exhibited Weight out of spec. Inspector QA-02 (Sara Novak) escalated to QA supervisor. Containment: Replaced worn cutting insert. Root cause investigation opened under NCR-NCR-93055.,Replaced worn cutting insert
QI-329183,2024-08-10,Gear-M5,BATCH-54825,QA-01 (John Lee),177,9,5.08,Weight out of spec,Scrap,0.89,0.69,In-process inspection at Station 3 flagged Gear-M5 batch BATCH-54825. 9/177 units exhibited Weight out of spec. Inspector QA-01 (John Lee) escalated to QA supervisor. Containment: Updated inspection sampling plan. Root cause investigation opened under NCR-NCR-19965.,Updated inspection sampling plan
QI-263573,2023-04-20,Valve-X200,BATCH-44787,QA-01 (John Lee),305,23,7.54,Weight out of spec,Rework,1.0,0.78,"Batch BATCH-44787 of Valve-X200 inspected by QA-01 (John Lee). Weight out of spec found in 23 of 305 units (7.5%). Disposition: Rework. Corrective action initiated: Replaced worn cutting insert. Process Cp: 1.00, Cpk: 0.78. Control chart shows one-point-out-of-control signal at subgroup 12.",Replaced worn cutting insert
QI-702427,2023-10-09,Widget-Alpha,BATCH-15539,QA-01 (John Lee),364,0,0.0,Weight out of spec,Hold for review,1.56,1.4,In-process inspection at Station 6 flagged Widget-Alpha batch BATCH-15539. 0/364 units exhibited Weight out of spec. Inspector QA-01 (John Lee) escalated to QA supervisor. Containment: Calibrated CMM probe. Root cause investigation opened under NCR-NCR-73214.,Calibrated CMM probe
QI-512842,2024-12-03,Pump-G10,BATCH-78909,QA-01 (John Lee),253,7,2.77,Coating defect,Scrap,1.55,1.51,"Batch BATCH-78909 of Pump-G10 inspected by QA-01 (John Lee). Coating defect found in 7 of 253 units (2.8%). Disposition: Scrap. Corrective action initiated: Calibrated CMM probe. Process Cp: 1.55, Cpk: 1.51. Control chart shows one-point-out-of-control signal at subgroup 12.",Calibrated CMM probe
QI-296243,2024-07-15,Widget-Beta,BATCH-86153,QA-02 (Sara Novak),211,0,0.0,Surface scratch,Hold for review,0.81,0.75,Final inspection of Widget-Beta (batch BATCH-86153). Overall yield: 100.0%. Surface scratch accounted for majority of rejects. Measurement data logged to SPC system. Disposition: Hold for review. Inspector: QA-02 (Sara Novak).,Retrained operator on torque spec
QI-572623,2023-07-04,Valve-X200,BATCH-37594,QA-01 (John Lee),363,21,5.79,Material void,Hold for review,1.17,1.02,In-process inspection at Station 6 flagged Valve-X200 batch BATCH-37594. 21/363 units exhibited Material void. Inspector QA-01 (John Lee) escalated to QA supervisor. Containment: Retrained operator on torque spec. Root cause investigation opened under NCR-NCR-64931.,Retrained operator on torque spec
QI-595962,2023-01-10,Gear-M5,BATCH-82789,QA-01 (John Lee),466,6,1.29,Coating defect,Rework,1.52,1.28,"Batch BATCH-82789 of Gear-M5 inspected by QA-01 (John Lee). Coating defect found in 6 of 466 units (1.3%). Disposition: Rework. Corrective action initiated: Replaced worn cutting insert. Process Cp: 1.52, Cpk: 1.28. Control chart shows stable within control limits.",Replaced worn cutting insert
QI-517754,2023-04-12,Widget-Beta,BATCH-73782,QA-02 (Sara Novak),484,40,8.26,Assembly gap,Rework,1.32,1.1,Final inspection of Widget-Beta (batch BATCH-73782). Overall yield: 91.7%. Assembly gap accounted for majority of rejects. Measurement data logged to SPC system. Disposition: Rework. Inspector: QA-02 (Sara Novak).,Calibrated CMM probe
QI-460857,2023-01-21,Widget-Beta,BATCH-53864,QA-01 (John Lee),293,26,8.87,Dimensional deviation,Scrap,1.43,1.3,Final inspection of Widget-Beta (batch BATCH-53864). Overall yield: 91.1%. Dimensional deviation accounted for majority of rejects. Measurement data logged to SPC system. Disposition: Scrap. Inspector: QA-01 (John Lee).,Retrained operator on torque spec
QI-743473,2023-10-21,Pump-G10,BATCH-56544,QA-01 (John Lee),345,34,9.86,Material void,Rework,0.97,0.74,"Batch BATCH-56544 of Pump-G10 inspected by QA-01 (John Lee). Material void found in 34 of 345 units (9.9%). Disposition: Rework. Corrective action initiated: Updated inspection sampling plan. Process Cp: 0.97, Cpk: 0.74. Control chart shows bimodal distribution — two machines suspected.",Updated inspection sampling plan
QI-428709,2023-11-21,Pump-G10,BATCH-63054,QA-03 (Mike Torres),377,21,5.57,Dimensional deviation,Rework,1.22,1.04,In-process inspection at Station 2 flagged Pump-G10 batch BATCH-63054. 21/377 units exhibited Dimensional deviation. Inspector QA-03 (Mike Torres) escalated to QA supervisor. Containment: Replaced worn cutting insert. Root cause investigation opened under NCR-NCR-19351.,Replaced worn cutting insert
QI-995706,2023-01-24,Valve-X200,BATCH-86928,QA-03 (Mike Torres),188,14,7.45,Material void,Hold for review,1.58,1.3,"Batch BATCH-86928 of Valve-X200 inspected by QA-03 (Mike Torres). Material void found in 14 of 188 units (7.4%). Disposition: Hold for review. Corrective action initiated: Updated inspection sampling plan. Process Cp: 1.58, Cpk: 1.30. Control chart shows stable within control limits.",Updated inspection sampling plan
QI-908382,2024-02-11,Widget-Beta,BATCH-22524,QA-03 (Mike Torres),430,5,1.16,Dimensional deviation,Scrap,1.01,0.89,"Batch BATCH-22524 of Widget-Beta inspected by QA-03 (Mike Torres). Dimensional deviation found in 5 of 430 units (1.2%). Disposition: Scrap. Corrective action initiated: Calibrated CMM probe. Process Cp: 1.01, Cpk: 0.89. Control chart shows upward drift suggesting tool wear.",Calibrated CMM probe
QI-564687,2024-10-03,Gear-M5,BATCH-61097,QA-01 (John Lee),366,9,2.46,Surface scratch,Scrap,0.88,0.6,Final inspection of Gear-M5 (batch BATCH-61097). Overall yield: 97.5%. Surface scratch accounted for majority of rejects. Measurement data logged to SPC system. Disposition: Scrap. Inspector: QA-01 (John Lee).,Replaced worn cutting insert
QI-241678,2024-12-15,Widget-Beta,BATCH-52624,QA-01 (John Lee),64,0,0.0,Coating defect,Rework,1.46,1.2,In-process inspection at Station 8 flagged Widget-Beta batch BATCH-52624. 0/64 units exhibited Coating defect. Inspector QA-01 (John Lee) escalated to QA supervisor. Containment: Calibrated CMM probe. Root cause investigation opened under NCR-NCR-72410.,Calibrated CMM probe
QI-943797,2023-04-02,Gear-M5,BATCH-79964,QA-01 (John Lee),373,36,9.65,Coating defect,Hold for review,1.23,1.04,Final inspection of Gear-M5 (batch BATCH-79964). Overall yield: 90.3%. Coating defect accounted for majority of rejects. Measurement data logged to SPC system. Disposition: Hold for review. Inspector: QA-01 (John Lee).,Updated inspection sampling plan
QI-821179,2024-05-18,Pump-G10,BATCH-27865,QA-02 (Sara Novak),183,4,2.19,Material void,Hold for review,1.1,1.1,Final inspection of Pump-G10 (batch BATCH-27865). Overall yield: 97.8%. Material void accounted for majority of rejects. Measurement data logged to SPC system. Disposition: Hold for review. Inspector: QA-02 (Sara Novak).,Updated inspection sampling plan
QI-513927,2023-09-13,Pump-G10,BATCH-81855,QA-02 (Sara Novak),458,18,3.93,Surface scratch,Hold for review,1.4,1.16,Final inspection of Pump-G10 (batch BATCH-81855). Overall yield: 96.1%. Surface scratch accounted for majority of rejects. Measurement data logged to SPC system. Disposition: Hold for review. Inspector: QA-02 (Sara Novak).,Updated inspection sampling plan
QI-532961,2023-07-12,Widget-Beta,BATCH-91962,QA-03 (Mike Torres),474,24,5.06,Weight out of spec,Hold for review,1.02,1.0,Final inspection of Widget-Beta (batch BATCH-91962). Overall yield: 94.9%. Weight out of spec accounted for majority of rejects. Measurement data logged to SPC system. Disposition: Hold for review. Inspector: QA-03 (Mike Torres).,Retrained operator on torque spec
QI-152042,2024-07-01,Widget-Alpha,BATCH-91625,QA-01 (John Lee),106,10,9.43,Dimensional deviation,Scrap,1.26,1.12,"Batch BATCH-91625 of Widget-Alpha inspected by QA-01 (John Lee). Dimensional deviation found in 10 of 106 units (9.4%). Disposition: Scrap. Corrective action initiated: Retrained operator on torque spec. Process Cp: 1.26, Cpk: 1.12. Control chart shows stable within control limits.",Retrained operator on torque spec
QI-458521,2024-03-06,Widget-Alpha,BATCH-40514,QA-01 (John Lee),187,4,2.14,Surface scratch,Scrap,1.52,1.3,In-process inspection at Station 3 flagged Widget-Alpha batch BATCH-40514. 4/187 units exhibited Surface scratch. Inspector QA-01 (John Lee) escalated to QA supervisor. Containment: Adjusted feed rate on CNC-3. Root cause investigation opened under NCR-NCR-21822.,Adjusted feed rate on CNC-3
QI-290425,2023-07-16,Valve-X200,BATCH-29148,QA-02 (Sara Novak),406,2,0.49,Material void,Hold for review,1.13,0.88,"Batch BATCH-29148 of Valve-X200 inspected by QA-02 (Sara Novak). Material void found in 2 of 406 units (0.5%). Disposition: Hold for review. Corrective action initiated: Updated inspection sampling plan. Process Cp: 1.13, Cpk: 0.88. Control chart shows bimodal distribution — two machines suspected.",Updated inspection sampling plan
QI-646453,2024-11-12,Valve-X200,BATCH-42396,QA-02 (Sara Novak),443,15,3.39,Surface scratch,Accept,1.18,0.89,Final inspection of Valve-X200 (batch BATCH-42396). Overall yield: 96.6%. Surface scratch accounted for majority of rejects. Measurement data logged to SPC system. Disposition: Accept. Inspector: QA-02 (Sara Novak).,Updated inspection sampling plan
QI-308376,2024-01-05,Widget-Beta,BATCH-82034,QA-02 (Sara Novak),215,5,2.33,Assembly gap,Scrap,1.43,1.42,In-process inspection at Station 2 flagged Widget-Beta batch BATCH-82034. 5/215 units exhibited Assembly gap. Inspector QA-02 (Sara Novak) escalated to QA supervisor. Containment: Retrained operator on torque spec. Root cause investigation opened under NCR-NCR-78278.,Retrained operator on torque spec
QI-144033,2024-08-18,Widget-Alpha,BATCH-46188,QA-03 (Mike Torres),170,13,7.65,Dimensional deviation,Accept,1.12,1.07,"Batch BATCH-46188 of Widget-Alpha inspected by QA-03 (Mike Torres). Dimensional deviation found in 13 of 170 units (7.6%). Disposition: Accept. Corrective action initiated: Updated inspection sampling plan. Process Cp: 1.12, Cpk: 1.07. Control chart shows upward drift suggesting tool wear.",Updated inspection sampling plan
QI-775885,2023-06-07,Pump-G10,BATCH-21980,QA-03 (Mike Torres),240,24,10.0,Coating defect,Rework,0.89,0.84,"Batch BATCH-21980 of Pump-G10 inspected by QA-03 (Mike Torres). Coating defect found in 24 of 240 units (10.0%). Disposition: Rework. Corrective action initiated: Adjusted feed rate on CNC-3. Process Cp: 0.89, Cpk: 0.84. Control chart shows one-point-out-of-control signal at subgroup 12.",Adjusted feed rate on CNC-3
QI-475565,2023-05-18,Gear-M5,BATCH-55523,QA-01 (John Lee),169,10,5.92,Dimensional deviation,Hold for review,1.78,1.54,Final inspection of Gear-M5 (batch BATCH-55523). Overall yield: 94.1%. Dimensional deviation accounted for majority of rejects. Measurement data logged to SPC system. Disposition: Hold for review. Inspector: QA-01 (John Lee).,Adjusted feed rate on CNC-3
QI-388698,2024-09-05,Valve-X200,BATCH-84278,QA-01 (John Lee),336,18,5.36,Assembly gap,Hold for review,1.34,1.19,Final inspection of Valve-X200 (batch BATCH-84278). Overall yield: 94.6%. Assembly gap accounted for majority of rejects. Measurement data logged to SPC system. Disposition: Hold for review. Inspector: QA-01 (John Lee).,Retrained operator on torque spec
QI-913712,2024-09-27,Gear-M5,BATCH-69517,QA-01 (John Lee),280,9,3.21,Surface scratch,Rework,1.62,1.46,"Batch BATCH-69517 of Gear-M5 inspected by QA-01 (John Lee). Surface scratch found in 9 of 280 units (3.2%). Disposition: Rework. Corrective action initiated: Replaced worn cutting insert. Process Cp: 1.62, Cpk: 1.46. Control chart shows one-point-out-of-control signal at subgroup 12.",Replaced worn cutting insert
QI-529711,2024-10-18,Widget-Beta,BATCH-99551,QA-02 (Sara Novak),387,34,8.79,Weight out of spec,Accept,1.62,1.56,In-process inspection at Station 3 flagged Widget-Beta batch BATCH-99551. 34/387 units exhibited Weight out of spec. Inspector QA-02 (Sara Novak) escalated to QA supervisor. Containment: Calibrated CMM probe. Root cause investigation opened under NCR-NCR-75214.,Calibrated CMM probe
QI-789880,2024-05-16,Valve-X200,BATCH-24031,QA-01 (John Lee),72,2,2.78,Surface scratch,Accept,0.98,0.97,"Batch BATCH-24031 of Valve-X200 inspected by QA-01 (John Lee). Surface scratch found in 2 of 72 units (2.8%). Disposition: Accept. Corrective action initiated: Adjusted feed rate on CNC-3. Process Cp: 0.98, Cpk: 0.97. Control chart shows bimodal distribution — two machines suspected.",Adjusted feed rate on CNC-3
QI-478458,2024-07-25,Gear-M5,BATCH-11715,QA-03 (Mike Torres),75,5,6.67,Weight out of spec,Scrap,1.02,0.8,In-process inspection at Station 8 flagged Gear-M5 batch BATCH-11715. 5/75 units exhibited Weight out of spec. Inspector QA-03 (Mike Torres) escalated to QA supervisor. Containment: Adjusted feed rate on CNC-3. Root cause investigation opened under NCR-NCR-37359.,Adjusted feed rate on CNC-3
QI-206142,2023-08-25,Pump-G10,BATCH-19225,QA-02 (Sara Novak),471,39,8.28,Weight out of spec,Accept,1.07,1.06,Final inspection of Pump-G10 (batch BATCH-19225). Overall yield: 91.7%. Weight out of spec accounted for majority of rejects. Measurement data logged to SPC system. Disposition: Accept. Inspector: QA-02 (Sara Novak).,Replaced worn cutting insert
QI-807256,2024-04-14,Gear-M5,BATCH-83193,QA-02 (Sara Novak),319,15,4.7,Dimensional deviation,Rework,1.37,1.09,Final inspection of Gear-M5 (batch BATCH-83193). Overall yield: 95.3%. Dimensional deviation accounted for majority of rejects. Measurement data logged to SPC system. Disposition: Rework. Inspector: QA-02 (Sara Novak).,Adjusted feed rate on CNC-3
QI-985893,2024-01-16,Pump-G10,BATCH-79979,QA-01 (John Lee),331,25,7.55,Dimensional deviation,Rework,1.3,1.1,In-process inspection at Station 8 flagged Pump-G10 batch BATCH-79979. 25/331 units exhibited Dimensional deviation. Inspector QA-01 (John Lee) escalated to QA supervisor. Containment: Retrained operator on torque spec. Root cause investigation opened under NCR-NCR-88632.,Retrained operator on torque spec
QI-100205,2023-02-05,Pump-G10,BATCH-82120,QA-03 (Mike Torres),361,15,4.16,Assembly gap,Scrap,1.36,1.3,In-process inspection at Station 6 flagged Pump-G10 batch BATCH-82120. 15/361 units exhibited Assembly gap. Inspector QA-03 (Mike Torres) escalated to QA supervisor. Containment: Updated inspection sampling plan. Root cause investigation opened under NCR-NCR-43303.,Updated inspection sampling plan
QI-198867,2023-02-08,Valve-X200,BATCH-51275,QA-03 (Mike Torres),204,0,0.0,Surface scratch,Rework,1.1,1.03,Final inspection of Valve-X200 (batch BATCH-51275). Overall yield: 100.0%. Surface scratch accounted for majority of rejects. Measurement data logged to SPC system. Disposition: Rework. Inspector: QA-03 (Mike Torres).,Calibrated CMM probe
QI-869933,2023-03-21,Pump-G10,BATCH-43586,QA-02 (Sara Novak),185,11,5.95,Dimensional deviation,Rework,1.69,1.62,In-process inspection at Station 2 flagged Pump-G10 batch BATCH-43586. 11/185 units exhibited Dimensional deviation. Inspector QA-02 (Sara Novak) escalated to QA supervisor. Containment: Calibrated CMM probe. Root cause investigation opened under NCR-NCR-49361.,Calibrated CMM probe
QI-182289,2023-02-27,Valve-X200,BATCH-22499,QA-02 (Sara Novak),472,44,9.32,Dimensional deviation,Hold for review,1.5,1.25,Final inspection of Valve-X200 (batch BATCH-22499). Overall yield: 90.7%. Dimensional deviation accounted for majority of rejects. Measurement data logged to SPC system. Disposition: Hold for review. Inspector: QA-02 (Sara Novak).,Adjusted feed rate on CNC-3
QI-649855,2023-02-12,Valve-X200,BATCH-95561,QA-02 (Sara Novak),494,7,1.42,Assembly gap,Hold for review,1.67,1.6,"Batch BATCH-95561 of Valve-X200 inspected by QA-02 (Sara Novak). Assembly gap found in 7 of 494 units (1.4%). Disposition: Hold for review. Corrective action initiated: Updated inspection sampling plan. Process Cp: 1.67, Cpk: 1.60. Control chart shows one-point-out-of-control signal at subgroup 12.",Updated inspection sampling plan
